name,position,age,market_value,country_from,league_from,club_from,country_to,league_to,club_to,fee,loan
Erling Haaland,Centre-Forward,21,150,Germany,Bundesliga,Borussia Dortmund,England,Premier League,Manchester City,60,FALSE
Antony,Right Winger,22,35,Netherlands,Eredivisie,Ajax Amsterdam,England,Premier League,Manchester United,95,FALSE
Wesley Fofana,Centre-Back,21,40,England,Premier League,Leicester City,England,Premier League,Chelsea FC,80.4,FALSE
Darwin Núñez,Centre-Forward,23,55,Portugal,Liga Portugal,SL Benfica,England,Premier League,Liverpool FC,75,FALSE
Casemiro,Defensive Midfield,30,40,Spain,LaLiga,Real Madrid,England,Premier League,Manchester United,70.65,FALSE
Alexander Isak,Centre-Forward,22,30,Spain,LaLiga,Real Sociedad,England,Premier League,Newcastle United,70,FALSE
Matthijs de Ligt,Centre-Back,22,70,Italy,Serie A,Juventus FC,Germany,Bundesliga,Bayern Munich,67,FALSE
Raheem Sterling,Left Winger,27,70,England,Premier League,Manchester City,England,Premier League,Chelsea FC,56.2,FALSE
Sadio Mané,Left Winger,30,70,England,Premier League,Liverpool FC,Germany,Bundesliga,Bayern Munich,32,FALSE
Romelu Lukaku,Centre-Forward,29,70,England,Premier League,Chelsea FC,Italy,Serie A,Inter Milan,8,TRUE
Marc Cucurella,Left-Back,24,28,England,Premier League,Brighton & Hove Albion,England,Premier League,Chelsea FC,65.3,FALSE
Federico Chiesa,Right Winger,24,65,Italy,Serie A,ACF Fiorentina,Italy,Serie A,Juventus FC,40,FALSE
Jules Koundé,Centre-Back,23,60,Spain,LaLiga,Sevilla FC,Spain,LaLiga,FC Barcelona,50,FALSE
Richarlison,Centre-Forward,25,48,England,Premier League,Everton FC,England,Premier League,Tottenham Hotspur,58,FALSE
Raphinha,Right Winger,25,45,England,Premier League,Leeds United,Spain,LaLiga,FC Barcelona,58,FALSE
Lisandro Martínez,Centre-Back,24,32,Netherlands,Eredivisie,Ajax Amsterdam,England,Premier League,Manchester United,57.37,FALSE
Fabián Ruiz,Central Midfield,26,55,Italy,Serie A,SSC Napoli,France,Ligue 1,Paris Saint-Germain,23,FALSE
Gabriel Jesus,Centre-Forward,25,50,England,Premier League,Manchester City,England,Premier League,Arsenal FC,52.2,FALSE
Cristian Romero,Centre-Back,24,48,Italy,Serie A,Atalanta BC,England,Premier League,Tottenham Hotspur,50,FALSE
Kalvin Phillips,Defensive Midfield,26,50,England,Premier League,Leeds United,England,Premier League,Manchester City,49,FALSE
Carlos Soler,Central Midfield,25,50,Spain,LaLiga,Valencia CF,France,Ligue 1,Paris Saint-Germain,18,FALSE
Paul Pogba,Central Midfield,29,48,England,Premier League,Manchester United,Italy,Serie A,Juventus FC,0,FALSE
Robert Lewandowski,Centre-Forward,33,45,Germany,Bundesliga,Bayern Munich,Spain,LaLiga,FC Barcelona,45,FALSE
Matheus Nunes,Central Midfield,23,35,Portugal,Liga Portugal,Sporting CP,England,Premier League,Wolverhampton Wanderers,45,FALSE
Franck Kessié,Central Midfield,25,45,Italy,Serie A,AC Milan,Spain,LaLiga,FC Barcelona,0,FALSE
Lucas Paquetá,Attacking Midfield,25,35,France,Ligue 1,Olympique Lyon,England,Premier League,West Ham United,42.95,FALSE
Amine Gouiri,Centre-Forward,22,42,France,Ligue 1,OGC Nice,France,Ligue 1,Stade Rennais FC,28,FALSE
Vitinha,Central Midfield,22,30,Portugal,Liga Portugal,FC Porto,France,Ligue 1,Paris Saint-Germain,41.5,FALSE
Bremer,Centre-Back,25,35,Italy,Serie A,Torino FC,Italy,Serie A,Juventus FC,41,FALSE
Nuno Mendes,Left-Back,20,40,Portugal,Liga Portugal,Sporting CP,France,Ligue 1,Paris Saint-Germain,38,FALSE
Gonçalo Guedes,Left Winger,25,40,Spain,LaLiga,Valencia CF,England,Premier League,Wolverhampton Wanderers,32.6,FALSE
Diego Carlos,Centre-Back,29,40,Spain,LaLiga,Sevilla FC,England,Premier League,Aston Villa,31,FALSE
Antonio Rüdiger,Centre-Back,29,40,England,Premier League,Chelsea FC,Spain,LaLiga,Real Madrid,0,FALSE
Kalidou Koulibaly,Centre-Back,31,35,Italy,Serie A,SSC Napoli,England,Premier League,Chelsea FC,38,FALSE
Sven Botman,Centre-Back,22,30,France,Ligue 1,LOSC Lille,England,Premier League,Newcastle United,37,FALSE
Gianluca Scamacca,Centre-Forward,23,30,Italy,Serie A,US Sassuolo,England,Premier League,West Ham United,36,FALSE
Fábio Vieira,Attacking Midfield,22,25,Portugal,Liga Portugal,FC Porto,England,Premier League,Arsenal FC,35,FALSE
Nayef Aguerd,Centre-Back,26,12,France,Ligue 1,Stade Rennais FC,England,Premier League,West Ham United,35,FALSE
Oleksandr Zinchenko,Left-Back,25,25,England,Premier League,Manchester City,England,Premier League,Arsenal FC,35,FALSE
Amadou Onana,Defensive Midfield,20,10,France,Ligue 1,LOSC Lille,England,Premier League,Everton FC,35,FALSE
Sébastien Haller,Centre-Forward,28,35,Netherlands,Eredivisie,Ajax Amsterdam,Germany,Bundesliga,Borussia Dortmund,31,FALSE
Yves Bissouma,Central Midfield,25,35,England,Premier League,Brighton & Hove Albion,England,Premier League,Tottenham Hotspur,29.2,FALSE
Timo Werner,Centre-Forward,26,35,England,Premier League,Chelsea FC,Germany,Bundesliga,RB Leipzig,20,FALSE
Ryan Gravenberch,Central Midfield,20,35,Netherlands,Eredivisie,Ajax Amsterdam,Germany,Bundesliga,Bayern Munich,18.5,FALSE
Niklas Süle,Centre-Back,26,35,Germany,Bundesliga,Bayern Munich,Germany,Bundesliga,Borussia Dortmund,0,FALSE
Andreas Christensen,Centre-Back,26,35,England,Premier League,Chelsea FC,Spain,LaLiga,FC Barcelona,0,FALSE
Paulo Dybala,Second Striker,28,35,Italy,Serie A,Juventus FC,Italy,Serie A,AS Roma,0,FALSE
Nico Schlotterbeck,Centre-Back,22,33,Germany,Bundesliga,SC Freiburg,Germany,Bundesliga,Borussia Dortmund,20,FALSE
Steven Bergwijn,Left Winger,24,18,England,Premier League,Tottenham Hotspur,Netherlands,Eredivisie,Ajax Amsterdam,31.25,FALSE
Manuel Akanji,Centre-Back,27,30,Germany,Bundesliga,Borussia Dortmund,England,Premier League,Manchester City,17.5,FALSE
André Zambo Anguissa,Defensive Midfield,26,30,England,Premier League,Fulham FC,Italy,Serie A,SSC Napoli,15,FALSE
Renan Lodi,Left-Back,24,30,Spain,LaLiga,Atlético de Madrid,England,Premier League,Nottingham Forest,5,TRUE
Tanguy Ndombélé,Central Midfield,25,30,England,Premier League,Tottenham Hotspur,Italy,Serie A,SSC Napoli,0.5,TRUE
Angeliño,Left-Back,25,30,Germany,Bundesliga,RB Leipzig,Germany,Bundesliga,TSG 1899 Hoffenheim,0,TRUE
Morgan Gibbs-White,Attacking Midfield,22,11,England,Premier League,Wolverhampton Wanderers,England,Premier League,Nottingham Forest,29.5,FALSE
Renato Sanches,Central Midfield,24,28,France,Ligue 1,LOSC Lille,France,Ligue 1,Paris Saint-Germain,15,FALSE
Leander Dendoncker,Defensive Midfield,27,28,England,Premier League,Wolverhampton Wanderers,England,Premier League,Aston Villa,15,FALSE
Giacomo Raspadori,Second Striker,22,28,Italy,Serie A,US Sassuolo,Italy,Serie A,SSC Napoli,5,TRUE
Hugo Ekitiké,Centre-Forward,20,28,France,Ligue 1,Stade Reims,France,Ligue 1,Paris Saint-Germain,0,TRUE
Xaver Schlager,Central Midfield,24,27,Germany,Bundesliga,VfL Wolfsburg,Germany,Bundesliga,RB Leipzig,12,FALSE
Denis Zakaria,Defensive Midfield,25,27,Italy,Serie A,Juventus FC,England,Premier League,Chelsea FC,3,TRUE
David Raum,Left-Back,24,20,Germany,Bundesliga,TSG 1899 Hoffenheim,Germany,Bundesliga,RB Leipzig,26,FALSE
Luis Sinisterra,Left Winger,23,25,Netherlands,Eredivisie,Feyenoord Rotterdam,England,Premier League,Leeds United,25,FALSE
Merih Demiral,Centre-Back,24,25,Italy,Serie A,Juventus FC,Italy,Serie A,Atalanta BC,20,FALSE
João Palhinha,Defensive Midfield,26,25,Portugal,Liga Portugal,Sporting CP,England,Premier League,Fulham FC,20,FALSE
Sasa Kalajdzic,Centre-Forward,25,25,Germany,Bundesliga,VfB Stuttgart,England,Premier League,Wolverhampton Wanderers,18,FALSE
Mattéo Guendouzi,Central Midfield,23,25,England,Premier League,Arsenal FC,France,Ligue 1,Olympique Marseille,11,FALSE
Pedro Porro,Right-Back,22,25,England,Premier League,Manchester City,Portugal,Liga Portugal,Sporting CP,8.5,FALSE
Lucas Ocampos,Left Winger,28,25,Spain,LaLiga,Sevilla FC,Netherlands,Eredivisie,Ajax Amsterdam,4,TRUE
Boubacar Kamara,Defensive Midfield,22,25,France,Ligue 1,Olympique Marseille,England,Premier League,Aston Villa,0,FALSE
Conor Coady,Centre-Back,29,25,England,Premier League,Wolverhampton Wanderers,England,Premier League,Everton FC,0,TRUE
Nicolas Pépé,Right Winger,27,25,England,Premier League,Arsenal FC,France,Ligue 1,OGC Nice,0,TRUE
Callum Hudson-Odoi,Right Winger,21,25,England,Premier League,Chelsea FC,Germany,Bundesliga,Bayer 04 Leverkusen,0,TRUE
Sergio Reguilón,Left-Back,25,25,England,Premier League,Tottenham Hotspur,Spain,LaLiga,Atlético de Madrid,0,TRUE
Filip Kostic,Left Midfield,29,24,Germany,Bundesliga,Eintracht Frankfurt,Italy,Serie A,Juventus FC,12,FALSE
Joaquín Correa,Second Striker,27,23,Italy,Serie A,SS Lazio,Italy,Serie A,Inter Milan,23.6,FALSE
Jérémie Boga,Left Winger,25,19,Italy,Serie A,US Sassuolo,Italy,Serie A,Atalanta BC,22,FALSE
Thilo Kehrer,Centre-Back,25,22,France,Ligue 1,Paris Saint-Germain,England,Premier League,West Ham United,12,FALSE
Cengiz Ünder,Right Winger,24,22,Italy,Serie A,AS Roma,France,Ligue 1,Olympique Marseille,8.4,FALSE
Giovani Lo Celso,Central Midfield,26,22,England,Premier League,Tottenham Hotspur,Spain,LaLiga,Villarreal CF,0,TRUE
Julian Weigl,Defensive Midfield,26,22,Portugal,Liga Portugal,SL Benfica,Germany,Bundesliga,Borussia Mönchengladbach,0,TRUE
Jan Bednarek,Centre-Back,26,22,England,Premier League,Southampton FC,England,Premier League,Aston Villa,0,TRUE
Éderson,Central Midfield,22,13,Italy,Serie A,US Salernitana 1919,Italy,Serie A,Atalanta BC,21,FALSE
Taiwo Awoniyi,Centre-Forward,24,20,Germany,Bundesliga,1.FC Union Berlin,England,Premier League,Nottingham Forest,20.5,FALSE
Philippe Coutinho,Left Winger,30,20,Spain,LaLiga,FC Barcelona,England,Premier League,Aston Villa,20,FALSE
David Carmo,Centre-Back,22,15,Portugal,Liga Portugal,SC Braga,Portugal,Liga Portugal,FC Porto,20,FALSE
Neco Williams,Right-Back,21,8,England,Premier League,Liverpool FC,England,Premier League,Nottingham Forest,20,FALSE
Mathys Tel,Centre-Forward,17,2,France,Ligue 1,Stade Rennais FC,Germany,Bundesliga,Bayern Munich,20,FALSE
Nahuel Molina,Right-Back,24,20,Italy,Serie A,Udinese Calcio,Spain,LaLiga,Atlético de Madrid,20,FALSE
Arnaud Kalimuendo,Centre-Forward,20,18,France,Ligue 1,Paris Saint-Germain,France,Ligue 1,Stade Rennais FC,20,FALSE
Umar Sadiq,Centre-Forward,25,18,Spain,LaLiga,UD Almería,Spain,LaLiga,Real Sociedad,20,FALSE
Pervis Estupiñán,Left-Back,24,20,Spain,LaLiga,Villarreal CF,England,Premier League,Brighton & Hove Albion,17.8,FALSE
Nordi Mukiele,Right-Back,24,20,Germany,Bundesliga,RB Leipzig,France,Ligue 1,Paris Saint-Germain,12,FALSE
Remo Freuler,Central Midfield,30,20,Italy,Serie A,Atalanta BC,England,Premier League,Nottingham Forest,9,FALSE
Lucas Torreira,Defensive Midfield,26,20,England,Premier League,Arsenal FC,Turkey,Süper Lig,Galatasaray,6,FALSE
Francisco Trincão,Right Winger,22,20,Spain,LaLiga,FC Barcelona,Portugal,Liga Portugal,Sporting CP,3,TRUE
Antonin Barak,Attacking Midfield,27,20,Italy,Serie A,Hellas Verona,Italy,Serie A,ACF Fiorentina,1.5,TRUE
Noussair Mazraoui,Right-Back,24,20,Netherlands,Eredivisie,Ajax Amsterdam,Germany,Bundesliga,Bayern Munich,0,FALSE
Christian Eriksen,Attacking Midfield,30,20,England,Premier League,Brentford FC,England,Premier League,Manchester United,0,FALSE
Andrea Pinamonti,Centre-Forward,23,20,Italy,Serie A,Inter Milan,Italy,Serie A,US Sassuolo,0,TRUE
Nico González,Central Midfield,20,20,Spain,LaLiga,FC Barcelona,Spain,LaLiga,Valencia CF,0,TRUE
Andrea Belotti,Centre-Forward,28,20,Italy,Serie A,Torino FC,Italy,Serie A,AS Roma,0,FALSE
Héctor Bellerín,Right-Back,27,20,England,Premier League,Arsenal FC,Spain,LaLiga,FC Barcelona,0,FALSE
Arthur Theate,Centre-Back,22,15,Italy,Serie A,Bologna FC 1909,France,Ligue 1,Stade Rennais FC,19,FALSE
Min-jae Kim,Centre-Back,25,14,Turkey,Süper Lig,Fenerbahce,Italy,Serie A,SSC Napoli,18.05,FALSE
Carney Chukwuemeka,Central Midfield,18,6,England,Premier League,Aston Villa,England,Premier League,Chelsea FC,18,FALSE
Destiny Udogie,Left-Back,19,17,Italy,Serie A,Udinese Calcio,England,Premier League,Tottenham Hotspur,18,FALSE
Aaron Hickey,Left-Back,20,18,Italy,Serie A,Bologna FC 1909,England,Premier League,Brentford FC,16.5,FALSE
Gaëtan Laborde,Centre-Forward,28,18,France,Ligue 1,Stade Rennais FC,France,Ligue 1,OGC Nice,15,FALSE
Brais Méndez,Right Winger,25,18,Spain,LaLiga,Celta de Vigo,Spain,LaLiga,Real Sociedad,14,FALSE
Neal Maupay,Centre-Forward,26,18,England,Premier League,Brighton & Hove Albion,England,Premier League,Everton FC,11.8,FALSE
Moussa Niakhaté,Centre-Back,26,18,Germany,Bundesliga,1.FSV Mainz 05,England,Premier League,Nottingham Forest,10,FALSE
Mattia Zaccagni,Attacking Midfield,27,18,Italy,Serie A,Hellas Verona,Italy,Serie A,SS Lazio,7.1,FALSE
Zeki Celik,Right-Back,25,18,France,Ligue 1,LOSC Lille,Italy,Serie A,AS Roma,7,FALSE
Arthur Melo,Central Midfield,26,18,Italy,Serie A,Juventus FC,England,Premier League,Liverpool FC,4.5,TRUE
Julian Draxler,Left Winger,28,18,France,Ligue 1,Paris Saint-Germain,Portugal,Liga Portugal,SL Benfica,2.5,TRUE
Abdou Diallo,Centre-Back,26,18,France,Ligue 1,Paris Saint-Germain,Germany,Bundesliga,RB Leipzig,1.5,TRUE
Matthias Ginter,Centre-Back,28,18,Germany,Bundesliga,Borussia Mönchengladbach,Germany,Bundesliga,SC Freiburg,0,FALSE
Jesse Lingard,Attacking Midfield,29,18,England,Premier League,Manchester United,England,Premier League,Nottingham Forest,0,FALSE
Dean Henderson,Goalkeeper,25,18,England,Premier League,Manchester United,England,Premier League,Nottingham Forest,0,TRUE
Alex Telles,Left-Back,29,18,England,Premier League,Manchester United,Spain,LaLiga,Sevilla FC,0,TRUE
Georginio Wijnaldum,Central Midfield,31,18,France,Ligue 1,Paris Saint-Germain,Italy,Serie A,AS Roma,0,TRUE
Sergiño Dest,Right-Back,21,18,Spain,LaLiga,FC Barcelona,Italy,Serie A,AC Milan,0,TRUE
André Gomes,Central Midfield,29,18,England,Premier League,Everton FC,France,Ligue 1,LOSC Lille,0,TRUE
Daniel James,Right Winger,24,18,England,Premier League,Leeds United,England,Premier League,Fulham FC,0,TRUE
Issa Diop,Centre-Back,25,10,England,Premier League,West Ham United,England,Premier League,Fulham FC,17.8,FALSE
Matt Targett,Left-Back,26,17,England,Premier League,Aston Villa,England,Premier League,Newcastle United,17.5,FALSE
Tyler Adams,Defensive Midfield,23,17,Germany,Bundesliga,RB Leipzig,England,Premier League,Leeds United,17,FALSE
Wout Faes,Centre-Back,24,10,France,Ligue 1,Stade Reims,England,Premier League,Leicester City,17,FALSE
Tyrell Malacia,Left-Back,22,17,Netherlands,Eredivisie,Feyenoord Rotterdam,England,Premier League,Manchester United,15,FALSE
Marcos Senesi,Centre-Back,25,17,Netherlands,Eredivisie,Feyenoord Rotterdam,England,Premier League,AFC Bournemouth,15,FALSE
Jordan Veretout,Central Midfield,29,17,Italy,Serie A,AS Roma,France,Ligue 1,Olympique Marseille,11,FALSE
Destiny Udogie,Left-Back,19,17,Italy,Serie A,Hellas Verona,Italy,Serie A,Udinese Calcio,4,FALSE
Giovanni Simeone,Centre-Forward,27,17,Italy,Serie A,Hellas Verona,Italy,Serie A,SSC Napoli,3.5,TRUE
Alessio Romagnoli,Centre-Back,27,17,Italy,Serie A,AC Milan,Italy,Serie A,SS Lazio,0,FALSE
Chancel Mbemba,Centre-Back,27,17,Portugal,Liga Portugal,FC Porto,France,Ligue 1,Olympique Marseille,0,FALSE
Destiny Udogie,Left-Back,19,17,England,Premier League,Tottenham Hotspur,Italy,Serie A,Udinese Calcio,0,TRUE
Leandro Paredes,Defensive Midfield,28,17,France,Ligue 1,Paris Saint-Germain,Italy,Serie A,Juventus FC,0,TRUE
Kasper Dolberg,Centre-Forward,24,17,France,Ligue 1,OGC Nice,Spain,LaLiga,Sevilla FC,0,TRUE
Yusuf Yazici,Attacking Midfield,25,17,France,Ligue 1,LOSC Lille,Turkey,Süper Lig,Trabzonspor,0,TRUE
Hee-chan Hwang,Centre-Forward,26,16,Germany,Bundesliga,RB Leipzig,England,Premier League,Wolverhampton Wanderers,16.7,FALSE
Brian Brobbey,Centre-Forward,20,9,Germany,Bundesliga,RB Leipzig,Netherlands,Eredivisie,Ajax Amsterdam,16.35,FALSE
Tanguy Nianzou,Centre-Back,20,9,Germany,Bundesliga,Bayern Munich,Spain,LaLiga,Sevilla FC,16,FALSE
Duje Caleta-Car,Centre-Back,25,16,France,Ligue 1,Olympique Marseille,England,Premier League,Southampton FC,10,FALSE
Jeremiah St. Juste,Centre-Back,25,16,Germany,Bundesliga,1.FSV Mainz 05,Portugal,Liga Portugal,Sporting CP,9.5,FALSE
Arkadiusz Milik,Centre-Forward,28,16,Italy,Serie A,SSC Napoli,France,Ligue 1,Olympique Marseille,8,FALSE
Arkadiusz Milik,Centre-Forward,28,16,France,Ligue 1,Olympique Marseille,Italy,Serie A,Juventus FC,0.9,TRUE
Randal Kolo Muani,Centre-Forward,23,16,France,Ligue 1,FC Nantes,Germany,Bundesliga,Eintracht Frankfurt,0,FALSE
Luiz Felipe,Centre-Back,25,16,Italy,Serie A,SS Lazio,Spain,LaLiga,Real Betis Balompié,0,FALSE
Matteo Pessina,Attacking Midfield,25,16,Italy,Serie A,Atalanta BC,Italy,Serie A,AC Monza,0,TRUE
Luka Jović,Centre-Forward,24,16,Spain,LaLiga,Real Madrid,Italy,Serie A,ACF Fiorentina,0,FALSE
Bertrand Traoré,Right Winger,26,16,England,Premier League,Aston Villa,Turkey,Süper Lig,Basaksehir FK,0,TRUE
Dele Alli,Attacking Midfield,26,16,England,Premier League,Everton FC,Turkey,Süper Lig,Besiktas JK,0,TRUE
Cheick Doucouré,Defensive Midfield,22,15,France,Ligue 1,RC Lens,England,Premier League,Crystal Palace,22.6,FALSE
Mikkel Damsgaard,Left Winger,22,15,Italy,Serie A,UC Sampdoria,England,Premier League,Brentford FC,15,FALSE
Éverton,Left Winger,26,15,Portugal,Liga Portugal,SL Benfica,Brazil,Série A,Clube de Regatas do Flamengo,13.5,FALSE
Orel Mangala,Central Midfield,24,15,Germany,Bundesliga,VfB Stuttgart,England,Premier League,Nottingham Forest,13,FALSE
Pierre-Emerick Aubameyang,Centre-Forward,33,15,Spain,LaLiga,FC Barcelona,England,Premier League,Chelsea FC,12,FALSE
Mathías Olivera,Left-Back,24,15,Spain,LaLiga,Getafe CF,Italy,Serie A,SSC Napoli,11,FALSE
Momo Cho,Centre-Forward,18,15,France,Ligue 1,Angers SCO,Spain,LaLiga,Real Sociedad,11,FALSE
Mattias Svanberg,Central Midfield,23,15,Italy,Serie A,Bologna FC 1909,Germany,Bundesliga,VfL Wolfsburg,9,FALSE
Jonathan Clauss,Right-Back,29,15,France,Ligue 1,RC Lens,France,Ligue 1,Olympique Marseille,7.5,FALSE
Konstantinos Mavropanos,Centre-Back,24,15,England,Premier League,Arsenal FC,Germany,Bundesliga,VfB Stuttgart,3.2,FALSE
Alexandre Lacazette,Centre-Forward,31,15,England,Premier League,Arsenal FC,France,Ligue 1,Olympique Lyon,0,FALSE
Corentin Tolisso,Central Midfield,27,15,Germany,Bundesliga,Bayern Munich,France,Ligue 1,Olympique Lyon,0,FALSE
Nuno Tavares,Left-Back,22,15,England,Premier League,Arsenal FC,France,Ligue 1,Olympique Marseille,0,TRUE
Harry Winks,Defensive Midfield,26,15,England,Premier League,Tottenham Hotspur,Italy,Serie A,UC Sampdoria,0,TRUE
Justin Kluivert,Left Winger,23,15,Italy,Serie A,AS Roma,Spain,LaLiga,Valencia CF,0,TRUE
Emerson,Left-Back,28,14,England,Premier League,Chelsea FC,England,Premier League,West Ham United,15.4,FALSE
Mohamed Bayo,Centre-Forward,24,12,France,Ligue 1,Clermont Foot 63,France,Ligue 1,LOSC Lille,14,FALSE
Marcão,Centre-Back,26,14,Turkey,Süper Lig,Galatasaray,Spain,LaLiga,Sevilla FC,12,FALSE
Walter Benítez,Goalkeeper,29,14,France,Ligue 1,OGC Nice,Netherlands,Eredivisie,PSV Eindhoven,0,FALSE
Yangel Herrera,Central Midfield,24,14,England,Premier League,Manchester City,Spain,LaLiga,Girona FC,0,TRUE
Mattia Viti,Centre-Back,20,7,Italy,Serie A,FC Empoli,France,Ligue 1,OGC Nice,13,FALSE
Fredrik Aursnes,Defensive Midfield,26,12,Netherlands,Eredivisie,Feyenoord Rotterdam,Portugal,Liga Portugal,SL Benfica,13,FALSE
Salih Özcan,Defensive Midfield,24,13,Germany,Bundesliga,1. FC Köln,Germany,Bundesliga,Borussia Dortmund,5,FALSE
Ethan Ampadu,Centre-Back,21,13,England,Premier League,Chelsea FC,Italy,Serie A,Spezia Calcio,0,TRUE
Pau López,Goalkeeper,27,12,Italy,Serie A,AS Roma,France,Ligue 1,Olympique Marseille,12,FALSE
Marc Roca,Defensive Midfield,25,7,Germany,Bundesliga,Bayern Munich,England,Premier League,Leeds United,12,FALSE
Chris Richards,Centre-Back,22,7.5,Germany,Bundesliga,Bayern Munich,England,Premier League,Crystal Palace,12,FALSE
Gabriel Veron,Right Winger,19,12,Brazil,Série A,Sociedade Esportiva Palmeiras,Portugal,Liga Portugal,FC Porto,10.5,FALSE
Billy Gilmour,Central Midfield,21,12,England,Premier League,Chelsea FC,England,Premier League,Brighton & Hove Albion,10.4,FALSE
Willian José,Centre-Forward,30,12,Spain,LaLiga,Real Sociedad,Spain,LaLiga,Real Betis Balompié,10,FALSE
Owen Wijndal,Left-Back,22,12,Netherlands,Eredivisie,AZ Alkmaar,Netherlands,Eredivisie,Ajax Amsterdam,10,FALSE
Marko Grujic,Central Midfield,26,12,England,Premier League,Liverpool FC,Portugal,Liga Portugal,FC Porto,9,FALSE
Samuele Ricci,Defensive Midfield,20,12,Italy,Serie A,FC Empoli,Italy,Serie A,Torino FC,8.5,FALSE
Luiz Henrique,Right Winger,21,12,Brazil,Série A,Fluminense Football Club,Spain,LaLiga,Real Betis Balompié,8,FALSE
Angelo Fulgini,Attacking Midfield,25,12,France,Ligue 1,Angers SCO,Germany,Bundesliga,1.FSV Mainz 05,6,FALSE
Fábio Carvalho,Attacking Midfield,19,12,England,Premier League,Fulham FC,England,Premier League,Liverpool FC,5.9,FALSE
Idrissa Gueye,Central Midfield,32,12,France,Ligue 1,Paris Saint-Germain,England,Premier League,Everton FC,4,FALSE
Sérgio Oliveira,Central Midfield,30,12,Portugal,Liga Portugal,FC Porto,Turkey,Süper Lig,Galatasaray,3,FALSE
Maxi Gómez,Centre-Forward,26,12,Spain,LaLiga,Valencia CF,Turkey,Süper Lig,Trabzonspor,3,FALSE
Andrea Petagna,Centre-Forward,27,12,Italy,Serie A,SSC Napoli,Italy,Serie A,AC Monza,2.5,TRUE
Boulaye Dia,Centre-Forward,25,12,Spain,LaLiga,Villarreal CF,Italy,Serie A,US Salernitana 1919,1,TRUE
Krzysztof Piatek,Centre-Forward,27,12,Germany,Bundesliga,Hertha BSC,Italy,Serie A,US Salernitana 1919,1,TRUE
André Onana,Goalkeeper,26,12,Netherlands,Eredivisie,Ajax Amsterdam,Italy,Serie A,Inter Milan,0,FALSE
Divock Origi,Centre-Forward,27,12,England,Premier League,Liverpool FC,Italy,Serie A,AC Milan,0,FALSE
Clément Lenglet,Centre-Back,27,12,Spain,LaLiga,FC Barcelona,England,Premier League,Tottenham Hotspur,0,TRUE
Ángel Di María,Right Winger,34,12,France,Ligue 1,Paris Saint-Germain,Italy,Serie A,Juventus FC,0,FALSE
Adnan Januzaj,Right Winger,27,12,Spain,LaLiga,Real Sociedad,Spain,LaLiga,Sevilla FC,0,FALSE
Loïc Badé,Centre-Back,22,12,France,Ligue 1,Stade Rennais FC,England,Premier League,Nottingham Forest,0,TRUE
Marcos Alonso,Left-Back,31,12,England,Premier League,Chelsea FC,Spain,LaLiga,FC Barcelona,0,FALSE
Jörgen Strand Larsen,Centre-Forward,22,6,Netherlands,Eredivisie,FC Groningen,Spain,LaLiga,Celta de Vigo,11,FALSE
Joshua Zirkzee,Centre-Forward,21,11,Germany,Bundesliga,Bayern Munich,Italy,Serie A,Bologna FC 1909,8.5,FALSE
Nicolás Tagliafico,Left-Back,29,11,Netherlands,Eredivisie,Ajax Amsterdam,France,Ligue 1,Olympique Lyon,4.2,FALSE
Rúben Vinagre,Left-Back,23,5,England,Premier League,Wolverhampton Wanderers,Portugal,Liga Portugal,Sporting CP,10,FALSE
Jens Petter Hauge,Right Winger,22,8,Italy,Serie A,AC Milan,Germany,Bundesliga,Eintracht Frankfurt,10,FALSE
Armel Bella-Kotchap,Centre-Back,20,10,Germany,Bundesliga,VfL Bochum,England,Premier League,Southampton FC,10,FALSE
Giulian Biancone,Right-Back,22,4,France,Ligue 1,ESTAC Troyes,England,Premier League,Nottingham Forest,10,FALSE
Borja Mayoral,Centre-Forward,25,9,Spain,LaLiga,Real Madrid,Spain,LaLiga,Getafe CF,10,FALSE
Armand Laurienté,Right Winger,23,7,France,Ligue 1,FC Lorient,Italy,Serie A,US Sassuolo,10,FALSE
El Bilal Touré,Centre-Forward,20,6.5,France,Ligue 1,Stade Reims,Spain,LaLiga,UD Almería,10,FALSE
Ademola Lookman,Left Winger,24,10,Germany,Bundesliga,RB Leipzig,Italy,Serie A,Atalanta BC,9,FALSE
Rolando Mandragora,Defensive Midfield,25,10,Italy,Serie A,Juventus FC,Italy,Serie A,ACF Fiorentina,8.2,FALSE
Beto,Centre-Forward,24,10,Portugal,Liga Portugal,Portimonense SC,Italy,Serie A,Udinese Calcio,7,FALSE
Gianluca Caprari,Second Striker,28,10,Italy,Serie A,UC Sampdoria,Italy,Serie A,Hellas Verona,5,FALSE
Ozan Kabak,Centre-Back,22,10,Germany,Bundesliga,FC Schalke 04,Germany,Bundesliga,TSG 1899 Hoffenheim,5,FALSE
Hugo Duro,Centre-Forward,22,10,Spain,LaLiga,Getafe CF,Spain,LaLiga,Valencia CF,4,FALSE
Mario Götze,Attacking Midfield,30,10,Netherlands,Eredivisie,PSV Eindhoven,Germany,Bundesliga,Eintracht Frankfurt,4,FALSE
Kristjan Asllani,Defensive Midfield,20,10,Italy,Serie A,FC Empoli,Italy,Serie A,Inter Milan,4,TRUE
Trezeguet,Left Winger,27,10,England,Premier League,Aston Villa,Turkey,Süper Lig,Trabzonspor,4,FALSE
Michy Batshuayi,Centre-Forward,28,10,England,Premier League,Chelsea FC,Turkey,Süper Lig,Fenerbahce,3.5,FALSE
Gianluca Caprari,Second Striker,28,10,Italy,Serie A,Hellas Verona,Italy,Serie A,AC Monza,3,TRUE
Léo Dubois,Right-Back,27,10,France,Ligue 1,Olympique Lyon,Turkey,Süper Lig,Galatasaray,2.5,FALSE
Aster Vranckx,Central Midfield,19,10,Germany,Bundesliga,VfL Wolfsburg,Italy,Serie A,AC Milan,2,TRUE
Alexander Sörloth,Centre-Forward,26,10,Germany,Bundesliga,RB Leipzig,Spain,LaLiga,Real Sociedad,1.5,TRUE
Manu Sánchez,Left-Back,21,10,Spain,LaLiga,Atlético de Madrid,Spain,LaLiga,CA Osasuna,0.2,TRUE
Ivan Perisic,Left Midfield,33,10,Italy,Serie A,Inter Milan,England,Premier League,Tottenham Hotspur,0,FALSE
Pierluigi Gollini,Goalkeeper,27,10,Italy,Serie A,Atalanta BC,Italy,Serie A,ACF Fiorentina,0,TRUE
Aleksey Miranchuk,Attacking Midfield,26,10,Italy,Serie A,Atalanta BC,Italy,Serie A,Torino FC,0,TRUE
Ander Herrera,Central Midfield,33,10,France,Ligue 1,Paris Saint-Germain,Spain,LaLiga,Athletic Bilbao,0,TRUE
Nicolò Rovella,Defensive Midfield,20,10,Italy,Serie A,Juventus FC,Italy,Serie A,AC Monza,0,TRUE
Stefan Posch,Centre-Back,25,10,Germany,Bundesliga,TSG 1899 Hoffenheim,Italy,Serie A,Bologna FC 1909,0,TRUE
Serhou Guirassy,Centre-Forward,26,10,France,Ligue 1,Stade Rennais FC,Germany,Bundesliga,VfB Stuttgart,0,TRUE
Ainsley Maitland-Niles,Right Midfield,25,10,England,Premier League,Arsenal FC,England,Premier League,Southampton FC,0,TRUE
Amine Harit,Attacking Midfield,25,10,Germany,Bundesliga,FC Schalke 04,France,Ligue 1,Olympique Marseille,0,TRUE
Andreas Pereira,Attacking Midfield,26,7.5,England,Premier League,Manchester United,England,Premier League,Fulham FC,9.5,FALSE
Ahmetcan Kaplan,Centre-Back,19,2.8,Turkey,Süper Lig,Trabzonspor,Netherlands,Eredivisie,Ajax Amsterdam,9.5,FALSE
Alphonse Areola,Goalkeeper,29,8,France,Ligue 1,Paris Saint-Germain,England,Premier League,West Ham United,9.3,FALSE
Perr Schuurs,Centre-Back,22,7,Netherlands,Eredivisie,Ajax Amsterdam,Italy,Serie A,Torino FC,9,FALSE
Brandon Soppy,Right-Back,20,5,Italy,Serie A,Udinese Calcio,Italy,Serie A,Atalanta BC,9,FALSE
Christopher Wooh,Centre-Back,20,3,France,Ligue 1,RC Lens,France,Ligue 1,Stade Rennais FC,9,FALSE
Kevin Mbabu,Right-Back,27,9,Germany,Bundesliga,VfL Wolfsburg,England,Premier League,Fulham FC,5.5,FALSE
Bernd Leno,Goalkeeper,30,9,England,Premier League,Arsenal FC,England,Premier League,Fulham FC,3.6,FALSE
Anwar El Ghazi,Right Winger,27,9,England,Premier League,Aston Villa,Netherlands,Eredivisie,PSV Eindhoven,2.5,FALSE
Predrag Rajković,Goalkeeper,26,9,France,Ligue 1,Stade Reims,Spain,LaLiga,RCD Mallorca,2,FALSE
Ricardo Pepi,Centre-Forward,19,9,Germany,Bundesliga,FC Augsburg,Netherlands,Eredivisie,FC Groningen,0.5,TRUE
Portu,Right Winger,30,9,Spain,LaLiga,Real Sociedad,Spain,LaLiga,Getafe CF,0,TRUE
Óscar Rodríguez,Attacking Midfield,24,9,Spain,LaLiga,Sevilla FC,Spain,LaLiga,Celta de Vigo,0,TRUE
Unai Núñez,Centre-Back,25,9,Spain,LaLiga,Athletic Bilbao,Spain,LaLiga,Celta de Vigo,0,TRUE
Luca Pellegrini,Left-Back,23,9,Italy,Serie A,Juventus FC,Germany,Bundesliga,Eintracht Frankfurt,0,TRUE
Jean-Philippe Gbamin,Defensive Midfield,26,9,England,Premier League,Everton FC,Turkey,Süper Lig,Trabzonspor,0,TRUE
Ilaix Moriba,Central Midfield,19,9,Germany,Bundesliga,RB Leipzig,Spain,LaLiga,Valencia CF,0,TRUE
Ritsu Doan,Right Winger,24,8,Netherlands,Eredivisie,PSV Eindhoven,Germany,Bundesliga,SC Freiburg,8.5,FALSE
João Victor,Centre-Back,23,8,Brazil,Série A,Sport Club Corinthians Paulista,Portugal,Liga Portugal,SL Benfica,8.5,FALSE
Omar Richards,Left-Back,24,7,Germany,Bundesliga,Bayern Munich,England,Premier League,Nottingham Forest,8.5,FALSE
Giulio Maggiore,Central Midfield,24,8.5,Italy,Serie A,Spezia Calcio,Italy,Serie A,US Salernitana 1919,4.5,FALSE
André Almeida,Central Midfield,22,5,Portugal,Liga Portugal,Vitória Guimarães SC,Spain,LaLiga,Valencia CF,8,FALSE
Nathan Ngoumou,Right Winger,22,2.5,France,Ligue 1,FC Toulouse,Germany,Bundesliga,Borussia Mönchengladbach,8,FALSE
Kaiky,Centre-Back,18,8,Brazil,Série A,Santos FC,Spain,LaLiga,UD Almería,7,FALSE
Lucas Alario,Centre-Forward,29,8,Germany,Bundesliga,Bayer 04 Leverkusen,Germany,Bundesliga,Eintracht Frankfurt,6,FALSE
Francisco Conceição,Right Winger,19,8,Portugal,Liga Portugal,FC Porto,Netherlands,Eredivisie,Ajax Amsterdam,5,FALSE
Flavius Daniliuc,Centre-Back,21,8,France,Ligue 1,OGC Nice,Italy,Serie A,US Salernitana 1919,5,FALSE
Carlos Vinícius,Centre-Forward,27,8,Portugal,Liga Portugal,SL Benfica,England,Premier League,Fulham FC,5,FALSE
Moi Gómez,Left Winger,28,8,Spain,LaLiga,Villarreal CF,Spain,LaLiga,CA Osasuna,1.8,FALSE
Haris Seferovic,Centre-Forward,30,8,Portugal,Liga Portugal,SL Benfica,Turkey,Süper Lig,Galatasaray,1,TRUE
Romain Saïss,Centre-Back,32,8,England,Premier League,Wolverhampton Wanderers,Turkey,Süper Lig,Besiktas JK,0,FALSE
Henrikh Mkhitaryan,Attacking Midfield,33,8,Italy,Serie A,AS Roma,Italy,Serie A,Inter Milan,0,FALSE
Abdallah Sima,Right Winger,21,8,England,Premier League,Brighton & Hove Albion,France,Ligue 1,Angers SCO,0,TRUE
Zinho Vanheusden,Centre-Back,22,8,Italy,Serie A,Inter Milan,Netherlands,Eredivisie,AZ Alkmaar,0,TRUE
Pol Lirola,Right-Back,24,8,France,Ligue 1,Olympique Marseille,Spain,LaLiga,Elche CF,0,TRUE
Reinier,Attacking Midfield,20,8,Spain,LaLiga,Real Madrid,Spain,LaLiga,Girona FC,0,TRUE
Kacper Kozlowski,Central Midfield,18,8,England,Premier League,Brighton & Hove Albion,Netherlands,Eredivisie,Vitesse Arnhem,0,TRUE
Marco Carnesecchi,Goalkeeper,22,8,Italy,Serie A,Atalanta BC,Italy,Serie A,US Cremonese,0,TRUE
Munir El Haddadi,Centre-Forward,26,8,Spain,LaLiga,Sevilla FC,Spain,LaLiga,Getafe CF,0,FALSE
Ez Abde,Left Winger,20,8,Spain,LaLiga,FC Barcelona,Spain,LaLiga,CA Osasuna,0,TRUE
Vedat Muriqi,Centre-Forward,28,7,Italy,Serie A,SS Lazio,Spain,LaLiga,RCD Mallorca,7.7,FALSE
Nicolò Casale,Centre-Back,24,7.5,Italy,Serie A,Hellas Verona,Italy,Serie A,SS Lazio,7,FALSE
Takefusa Kubo,Right Winger,21,7.5,Spain,LaLiga,Real Madrid,Spain,LaLiga,Real Sociedad,6.5,FALSE
Grischa Prömel,Central Midfield,27,7.5,Germany,Bundesliga,1.FC Union Berlin,Germany,Bundesliga,TSG 1899 Hoffenheim,0,FALSE
Isco,Attacking Midfield,30,7.5,Spain,LaLiga,Real Madrid,Spain,LaLiga,Sevilla FC,0,FALSE
Quinten Timber,Central Midfield,21,4,Netherlands,Eredivisie,FC Utrecht,Netherlands,Eredivisie,Feyenoord Rotterdam,7.4,FALSE
Matteo Lovato,Centre-Back,22,7,Italy,Serie A,Atalanta BC,Italy,Serie A,US Salernitana 1919,7,FALSE
Malick Thiaw,Centre-Back,21,6,Germany,Bundesliga,FC Schalke 04,Italy,Serie A,AC Milan,7,FALSE
Lázaro,Left Winger,20,7,Brazil,Série A,Clube de Regatas do Flamengo,Spain,LaLiga,UD Almería,7,FALSE
Samuel Lino,Left Winger,22,7,Portugal,Liga Portugal,Gil Vicente FC,Spain,LaLiga,Atlético de Madrid,6.5,FALSE
Luan Peres,Centre-Back,28,7,France,Ligue 1,Olympique Marseille,Turkey,Süper Lig,Fenerbahce,5.23,FALSE
Marquinhos,Right Winger,19,7,Brazil,Série A,São Paulo Futebol Clube,England,Premier League,Arsenal FC,3.5,FALSE
Willian Arão,Defensive Midfield,29,7,Brazil,Série A,Clube de Regatas do Flamengo,Turkey,Süper Lig,Fenerbahce,3,FALSE
Morten Thorsby,Central Midfield,26,7,Italy,Serie A,UC Sampdoria,Germany,Bundesliga,1.FC Union Berlin,3,FALSE
Adam Ounas,Right Winger,25,7,Italy,Serie A,SSC Napoli,France,Ligue 1,LOSC Lille,3,FALSE
Diogo Leite,Centre-Back,23,7,Portugal,Liga Portugal,FC Porto,Germany,Bundesliga,1.FC Union Berlin,0.5,TRUE
Kenedy,Left Winger,26,7,England,Premier League,Chelsea FC,Spain,LaLiga,Real Valladolid CF,0.5,FALSE
Anthony Caci,Left-Back,25,7,France,Ligue 1,RC Strasbourg Alsace,Germany,Bundesliga,1.FSV Mainz 05,0,FALSE
Stefano Sensi,Central Midfield,26,7,Italy,Serie A,Inter Milan,Italy,Serie A,AC Monza,0,TRUE
Martín Satriano,Centre-Forward,21,7,Italy,Serie A,Inter Milan,Italy,Serie A,FC Empoli,0,TRUE
Colin Dagba,Right-Back,23,7,France,Ligue 1,Paris Saint-Germain,France,Ligue 1,RC Strasbourg Alsace,0,TRUE
Thomas Strakosha,Goalkeeper,27,7,Italy,Serie A,SS Lazio,England,Premier League,Brentford FC,0,FALSE
Samuel Lino,Left Winger,22,7,Spain,LaLiga,Atlético de Madrid,Spain,LaLiga,Valencia CF,0,TRUE
Jack Stephens,Centre-Back,28,7,England,Premier League,Southampton FC,England,Premier League,AFC Bournemouth,0,TRUE
John Anthony Brooks,Centre-Back,29,7,Germany,Bundesliga,VfL Wolfsburg,Portugal,Liga Portugal,SL Benfica,0,FALSE
Lucien Agoumé,Defensive Midfield,20,7,Italy,Serie A,Inter Milan,France,Ligue 1,ESTAC Troyes,0,TRUE
Uroš Račić,Defensive Midfield,24,7,Spain,LaLiga,Valencia CF,Portugal,Liga Portugal,SC Braga,0,TRUE
Sávio,Right Winger,18,6,Brazil,Série A,Clube Atlético Mineiro,France,Ligue 1,ESTAC Troyes,6.5,FALSE
Gedson Fernandes,Central Midfield,23,6.5,Portugal,Liga Portugal,SL Benfica,Turkey,Süper Lig,Besiktas JK,6,FALSE
Andreaw Gravillon,Centre-Back,24,6.5,Italy,Serie A,Inter Milan,France,Ligue 1,Stade Reims,3.5,FALSE
Erick Pulgar,Defensive Midfield,28,6.5,Italy,Serie A,ACF Fiorentina,Brazil,Série A,Clube de Regatas do Flamengo,2.8,FALSE
Mostafa Mohamed,Centre-Forward,24,6.5,Turkey,Süper Lig,Galatasaray,France,Ligue 1,FC Nantes,0.25,TRUE
Niklas Stark,Centre-Back,27,6.5,Germany,Bundesliga,Hertha BSC,Germany,Bundesliga,SV Werder Bremen,0,FALSE
Rémy Cabella,Attacking Midfield,32,6.5,France,Ligue 1,Montpellier HSC,France,Ligue 1,LOSC Lille,0,FALSE
Santiago Ascacíbar,Defensive Midfield,25,6.5,Germany,Bundesliga,Hertha BSC,Italy,Serie A,US Cremonese,0,TRUE
Felix Afena-Gyan,Centre-Forward,19,6,Italy,Serie A,AS Roma,Italy,Serie A,US Cremonese,6,FALSE
Valentin Rosier,Right-Back,25,6,Portugal,Liga Portugal,Sporting CP,Turkey,Süper Lig,Besiktas JK,4.8,FALSE
Javairô Dilrosun,Left Winger,24,6,Germany,Bundesliga,Hertha BSC,Netherlands,Eredivisie,Feyenoord Rotterdam,4,FALSE
Miguel Gutiérrez,Left-Back,21,6,Spain,LaLiga,Real Madrid,Spain,LaLiga,Girona FC,4,FALSE
Fredrik Midtsjö,Central Midfield,28,6,Netherlands,Eredivisie,AZ Alkmaar,Turkey,Süper Lig,Galatasaray,3.5,FALSE
Gonzalo Plata,Right Winger,21,6,Portugal,Liga Portugal,Sporting CP,Spain,LaLiga,Real Valladolid CF,3,FALSE
Willy Boly,Centre-Back,31,6,England,Premier League,Wolverhampton Wanderers,England,Premier League,Nottingham Forest,2.6,FALSE
Bartlomiej Dragowski,Goalkeeper,24,6,Italy,Serie A,ACF Fiorentina,Italy,Serie A,Spezia Calcio,2,FALSE
Eric Bailly,Centre-Back,28,6,England,Premier League,Manchester United,France,Ligue 1,Olympique Marseille,2,TRUE
Marc Bartra,Centre-Back,31,6,Spain,LaLiga,Real Betis Balompié,Turkey,Süper Lig,Trabzonspor,1.25,FALSE
Carles Pérez,Right Winger,24,6,Italy,Serie A,AS Roma,Spain,LaLiga,Celta de Vigo,1,TRUE
Florent Mollet,Attacking Midfield,30,6,France,Ligue 1,Montpellier HSC,Germany,Bundesliga,FC Schalke 04,0.5,FALSE
Tino Kadewere,Centre-Forward,26,6,France,Ligue 1,Olympique Lyon,Spain,LaLiga,RCD Mallorca,0.4,TRUE
Mergim Berisha,Centre-Forward,24,6,Turkey,Süper Lig,Fenerbahce,Germany,Bundesliga,FC Augsburg,0.3,TRUE
Bruma,Left Winger,27,6,Netherlands,Eredivisie,PSV Eindhoven,Turkey,Süper Lig,Fenerbahce,0,TRUE
Ki-Jana Hoever,Right-Back,20,6,England,Premier League,Wolverhampton Wanderers,Netherlands,Eredivisie,PSV Eindhoven,0,TRUE
Ermedin Demirovic,Centre-Forward,24,6,Germany,Bundesliga,SC Freiburg,Germany,Bundesliga,FC Augsburg,0,FALSE
Luis Henrique,Left Winger,20,6,France,Ligue 1,Olympique Marseille,Brazil,Série A,Botafogo de Futebol e Regatas,0,TRUE
Sávio,Right Winger,18,6,France,Ligue 1,ESTAC Troyes,Netherlands,Eredivisie,PSV Eindhoven,0,TRUE
Nehuén Pérez,Centre-Back,22,6,Spain,LaLiga,Atlético de Madrid,Italy,Serie A,Udinese Calcio,0,FALSE
Óscar Mingueza,Centre-Back,23,6,Spain,LaLiga,FC Barcelona,Spain,LaLiga,Celta de Vigo,0,FALSE
Valentino Lazaro,Right Midfield,26,6,Italy,Serie A,Inter Milan,Italy,Serie A,Torino FC,0,TRUE
Marin Pongracic,Centre-Back,24,6,Germany,Bundesliga,VfL Wolfsburg,Italy,Serie A,US Lecce,0,TRUE
Alexis Claude-Maurice,Attacking Midfield,24,6,France,Ligue 1,OGC Nice,France,Ligue 1,RC Lens,0,TRUE
Jordan Amavi,Left-Back,28,6,France,Ligue 1,Olympique Marseille,Spain,LaLiga,Getafe CF,0,TRUE
Martin Braithwaite,Centre-Forward,31,6,Spain,LaLiga,FC Barcelona,Spain,LaLiga,RCD Espanyol Barcelona,0,FALSE
Johan Mojica,Left-Back,30,5,Spain,LaLiga,Elche CF,Spain,LaLiga,Villarreal CF,5.5,FALSE
Arne Maier,Central Midfield,23,5.5,Germany,Bundesliga,Hertha BSC,Germany,Bundesliga,FC Augsburg,5,FALSE
Alessandro Florenzi,Right-Back,31,5.5,Italy,Serie A,AS Roma,Italy,Serie A,AC Milan,2.7,FALSE
Anthony Modeste,Centre-Forward,34,3,Germany,Bundesliga,1. FC Köln,Germany,Bundesliga,Borussia Dortmund,5.1,FALSE
Petar Musa,Centre-Forward,24,5,Portugal,Liga Portugal,Boavista FC,Portugal,Liga Portugal,SL Benfica,5,FALSE
Salis Abdul Samed,Defensive Midfield,22,3,France,Ligue 1,Clermont Foot 63,France,Ligue 1,RC Lens,5,FALSE
Ko Itakura,Centre-Back,25,5,England,Premier League,Manchester City,Germany,Bundesliga,Borussia Mönchengladbach,5,FALSE
Brice Samba,Goalkeeper,28,2.5,England,Premier League,Nottingham Forest,France,Ligue 1,RC Lens,5,FALSE
Domagoj Bradaric,Left-Back,22,3.5,France,Ligue 1,LOSC Lille,Italy,Serie A,US Salernitana 1919,5,FALSE
Leo Östigard,Centre-Back,22,5,England,Premier League,Brighton & Hove Albion,Italy,Serie A,SSC Napoli,5,FALSE
Federico Bonazzoli,Centre-Forward,25,5,Italy,Serie A,UC Sampdoria,Italy,Serie A,US Salernitana 1919,5,FALSE
Tabata,Right Winger,25,4,Portugal,Liga Portugal,Sporting CP,Brazil,Série A,Sociedade Esportiva Palmeiras,5,FALSE
Igor Paixão,Left Winger,22,0.8,Brazil,Série A,Coritiba Foot Ball Club,Netherlands,Eredivisie,Feyenoord Rotterdam,5,FALSE
Ignatius Ganago,Centre-Forward,23,5,France,Ligue 1,RC Lens,France,Ligue 1,FC Nantes,4.4,FALSE
Maxim Leitsch,Centre-Back,24,5,Germany,Bundesliga,VfL Bochum,Germany,Bundesliga,1.FSV Mainz 05,3.5,FALSE
Stephen Eustaquio,Defensive Midfield,25,5,Portugal,Liga Portugal,FC Paços de Ferreira,Portugal,Liga Portugal,FC Porto,3.5,FALSE
Lincoln,Attacking Midfield,23,5,Portugal,Liga Portugal,CD Santa Clara,Turkey,Süper Lig,Fenerbahce,3.5,FALSE
Pablo Maffeo,Right-Back,24,5,Germany,Bundesliga,VfB Stuttgart,Spain,LaLiga,RCD Mallorca,3,FALSE
Simon Banza,Centre-Forward,25,5,France,Ligue 1,RC Lens,Portugal,Liga Portugal,SC Braga,3,FALSE
Abdülkerim Bardakci,Centre-Back,27,5,Turkey,Süper Lig,Konyaspor,Turkey,Süper Lig,Galatasaray,2.8,FALSE
Jimmy Cabot,Right Midfield,28,5,France,Ligue 1,Angers SCO,France,Ligue 1,RC Lens,2,FALSE
Umut Bozok,Centre-Forward,25,5,France,Ligue 1,FC Lorient,Turkey,Süper Lig,Trabzonspor,2,FALSE
Lucas Perrin,Centre-Back,23,5,France,Ligue 1,Olympique Marseille,France,Ligue 1,RC Strasbourg Alsace,1.5,FALSE
Dominik Kohr,Central Midfield,28,5,Germany,Bundesliga,Eintracht Frankfurt,Germany,Bundesliga,1.FSV Mainz 05,1.5,FALSE
Ludwig Augustinsson,Left-Back,28,5,Spain,LaLiga,Sevilla FC,England,Premier League,Aston Villa,0.5,TRUE
Tonny Vilhena,Central Midfield,27,5,Spain,LaLiga,RCD Espanyol Barcelona,Italy,Serie A,US Salernitana 1919,0.3,TRUE
Nemanja Matić,Defensive Midfield,33,5,England,Premier League,Manchester United,Italy,Serie A,AS Roma,0,FALSE
Andrea Cambiaso,Left-Back,22,5,Italy,Serie A,Juventus FC,Italy,Serie A,Bologna FC 1909,0,TRUE
Ronaël Pierre-Gabriel,Right-Back,24,5,Germany,Bundesliga,1.FSV Mainz 05,France,Ligue 1,RC Strasbourg Alsace,0,TRUE
Yan Couto,Right-Back,20,5,England,Premier League,Manchester City,Spain,LaLiga,Girona FC,0,TRUE
Rúben Vinagre,Left-Back,23,5,Portugal,Liga Portugal,Sporting CP,England,Premier League,Everton FC,0,TRUE
Riechedly Bazoer,Central Midfield,25,5,Netherlands,Eredivisie,Vitesse Arnhem,Netherlands,Eredivisie,AZ Alkmaar,0,FALSE
Arthur Masuaku,Left-Back,28,5,England,Premier League,West Ham United,Turkey,Süper Lig,Besiktas JK,0,TRUE
Shane Duffy,Centre-Back,30,5,England,Premier League,Brighton & Hove Albion,England,Premier League,Fulham FC,0,TRUE
Gonzalo Villar,Central Midfield,24,5,Italy,Serie A,AS Roma,Italy,Serie A,UC Sampdoria,0,TRUE
Pablo Marí,Centre-Back,28,5,England,Premier League,Arsenal FC,Italy,Serie A,AC Monza,0,TRUE
Gabriel Pires,Central Midfield,28,5,Portugal,Liga Portugal,SL Benfica,Brazil,Série A,Botafogo de Futebol e Regatas,0,TRUE
Antonio Blanco,Defensive Midfield,22,5,Spain,LaLiga,Real Madrid,Spain,LaLiga,Cádiz CF,0,TRUE
Junior Dina Ebimbe,Central Midfield,21,5,France,Ligue 1,Paris Saint-Germain,Germany,Bundesliga,Eintracht Frankfurt,0,TRUE
Sepp van den Berg,Centre-Back,20,5,England,Premier League,Liverpool FC,Germany,Bundesliga,FC Schalke 04,0,TRUE
Oriol Romeu,Defensive Midfield,30,5,England,Premier League,Southampton FC,Spain,LaLiga,Girona FC,0,FALSE
Simone Verdi,Attacking Midfield,30,5,Italy,Serie A,Torino FC,Italy,Serie A,Hellas Verona,0,TRUE
Layvin Kurzawa,Left-Back,29,5,France,Ligue 1,Paris Saint-Germain,England,Premier League,Fulham FC,0,TRUE
Soualiho Meïté,Central Midfield,28,5,Portugal,Liga Portugal,SL Benfica,Italy,Serie A,US Cremonese,0,TRUE
Mads Bech Sörensen,Centre-Back,23,5,England,Premier League,Brentford FC,France,Ligue 1,OGC Nice,0,TRUE
Emirhan Ilkhan,Central Midfield,18,3,Turkey,Süper Lig,Besiktas JK,Italy,Serie A,Torino FC,4.5,FALSE
Luca Kilian,Centre-Back,22,4.5,Germany,Bundesliga,1.FSV Mainz 05,Germany,Bundesliga,1. FC Köln,2,FALSE
Gabriel Pirani,Attacking Midfield,20,4.5,Brazil,Série A,Santos FC,Brazil,Série A,Cuiabá Esporte Clube (MT),0,TRUE
Michael Gregoritsch,Centre-Forward,28,4.5,Germany,Bundesliga,FC Augsburg,Germany,Bundesliga,SC Freiburg,0,FALSE
Junior Sambia,Right-Back,25,4.5,France,Ligue 1,Montpellier HSC,Italy,Serie A,US Salernitana 1919,0,FALSE
Can Bozdogan,Central Midfield,21,4.3,Germany,Bundesliga,FC Schalke 04,Netherlands,Eredivisie,FC Utrecht,0.5,TRUE
Stefano Denswil,Centre-Back,29,4.2,Italy,Serie A,Bologna FC 1909,Turkey,Süper Lig,Trabzonspor,0,FALSE
Jens Odgaard,Centre-Forward,23,2,Italy,Serie A,US Sassuolo,Netherlands,Eredivisie,AZ Alkmaar,4.1,FALSE
Michele Di Gregorio,Goalkeeper,24,3.8,Italy,Serie A,Inter Milan,Italy,Serie A,AC Monza,4,FALSE
Enzo Ebosse,Left-Back,23,2,France,Ligue 1,Angers SCO,Italy,Serie A,Udinese Calcio,4,FALSE
André Franco,Attacking Midfield,24,3.5,Portugal,Liga Portugal,GD Estoril Praia,Portugal,Liga Portugal,FC Porto,4,FALSE
Arthur Gomes,Left Winger,24,1.5,Portugal,Liga Portugal,GD Estoril Praia,Portugal,Liga Portugal,Sporting CP,4,FALSE
Hidemasa Morita,Defensive Midfield,27,4,Portugal,Liga Portugal,CD Santa Clara,Portugal,Liga Portugal,Sporting CP,3.8,FALSE
Alejandro Pozo,Right-Back,23,4,Spain,LaLiga,Sevilla FC,Spain,LaLiga,UD Almería,3,FALSE
Luuk de Jong,Centre-Forward,31,4,Spain,LaLiga,Sevilla FC,Netherlands,Eredivisie,PSV Eindhoven,3,FALSE
Martin Dúbravka,Goalkeeper,33,4,England,Premier League,Newcastle United,England,Premier League,Manchester United,2.31,TRUE
Elvis Rexhbecaj,Central Midfield,24,4,Germany,Bundesliga,VfL Wolfsburg,Germany,Bundesliga,FC Augsburg,1.7,FALSE
Michal Sadilek,Defensive Midfield,23,4,Netherlands,Eredivisie,PSV Eindhoven,Netherlands,Eredivisie,Twente Enschede FC,1.5,FALSE
Agustín Marchesín,Goalkeeper,34,4,Portugal,Liga Portugal,FC Porto,Spain,LaLiga,Celta de Vigo,1,FALSE
Kasper Schmeichel,Goalkeeper,35,4,England,Premier League,Leicester City,France,Ligue 1,OGC Nice,1,FALSE
Tom Krauß,Central Midfield,21,4,Germany,Bundesliga,RB Leipzig,Germany,Bundesliga,FC Schalke 04,0.5,TRUE
Falaye Sacko,Right-Back,27,4,Portugal,Liga Portugal,Vitória Guimarães SC,France,Ligue 1,Montpellier HSC,0.5,TRUE
Bartosz Bialek,Centre-Forward,20,4,Germany,Bundesliga,VfL Wolfsburg,Netherlands,Eredivisie,Vitesse Arnhem,0.2,TRUE
Unai López,Central Midfield,26,4,Spain,LaLiga,Athletic Bilbao,Spain,LaLiga,Rayo Vallecano,0,FALSE
Danilho Doekhi,Centre-Back,24,4,Netherlands,Eredivisie,Vitesse Arnhem,Germany,Bundesliga,1.FC Union Berlin,0,FALSE
Danilo,Centre-Forward,23,4,Netherlands,Eredivisie,Ajax Amsterdam,Netherlands,Eredivisie,Feyenoord Rotterdam,0,FALSE
Edinson Cavani,Centre-Forward,35,4,England,Premier League,Manchester United,Spain,LaLiga,Valencia CF,0,FALSE
Stéphane Bahoken,Centre-Forward,30,4,France,Ligue 1,Angers SCO,Turkey,Süper Lig,Kasimpasa,0,FALSE
Jonjoe Kenny,Right-Back,25,4,England,Premier League,Everton FC,Germany,Bundesliga,Hertha BSC,0,FALSE
Xavi Simons,Attacking Midfield,19,4,France,Ligue 1,Paris Saint-Germain,Netherlands,Eredivisie,PSV Eindhoven,0,FALSE
Akim Zedadka,Right-Back,27,4,France,Ligue 1,Clermont Foot 63,France,Ligue 1,LOSC Lille,0,FALSE
Roberto Piccoli,Centre-Forward,21,4,Italy,Serie A,Atalanta BC,Italy,Serie A,Hellas Verona,0,TRUE
Axel Witsel,Defensive Midfield,33,4,Germany,Bundesliga,Borussia Dortmund,Spain,LaLiga,Atlético de Madrid,0,FALSE
Nemanja Radonjić,Left Winger,26,4,France,Ligue 1,Olympique Marseille,Italy,Serie A,Torino FC,0,TRUE
Sergio Asenjo,Goalkeeper,33,4,Spain,LaLiga,Villarreal CF,Spain,LaLiga,Real Valladolid CF,0,FALSE
Joseba Zaldua,Right-Back,30,4,Spain,LaLiga,Real Sociedad,Spain,LaLiga,Cádiz CF,0,FALSE
Samu Castillejo,Right Winger,27,4,Italy,Serie A,AC Milan,Spain,LaLiga,Valencia CF,0,FALSE
Oussama Idrissi,Left Winger,26,4,Spain,LaLiga,Sevilla FC,Netherlands,Eredivisie,Feyenoord Rotterdam,0,TRUE
Filip Djuricic,Attacking Midfield,30,4,Italy,Serie A,US Sassuolo,Italy,Serie A,UC Sampdoria,0,FALSE
Eduardo Quaresma,Centre-Back,20,4,Portugal,Liga Portugal,Sporting CP,Germany,Bundesliga,TSG 1899 Hoffenheim,0,TRUE
Jean-Paul Boëtius,Attacking Midfield,28,4,Germany,Bundesliga,1.FSV Mainz 05,Germany,Bundesliga,Hertha BSC,0,FALSE
Dries Mertens,Centre-Forward,35,4,Italy,Serie A,SSC Napoli,Turkey,Süper Lig,Galatasaray,0,FALSE
Cheikhou Kouyaté,Defensive Midfield,32,4,England,Premier League,Crystal Palace,England,Premier League,Nottingham Forest,0,FALSE
Álex Collado,Attacking Midfield,23,4,Spain,LaLiga,FC Barcelona,Spain,LaLiga,Elche CF,0,TRUE
Issa Kaboré,Right-Back,21,4,England,Premier League,Manchester City,France,Ligue 1,Olympique Marseille,0,TRUE
Francisco Moura,defence,23,4,Portugal,Liga Portugal,SC Braga,Portugal,Liga Portugal,FC Famalicão,0,TRUE
Rony Lopes,Right Winger,26,4,Spain,LaLiga,Sevilla FC,France,Ligue 1,ESTAC Troyes,0,TRUE
Adrián Embarba,Right Winger,30,4,Spain,LaLiga,RCD Espanyol Barcelona,Spain,LaLiga,UD Almería,0,FALSE
Erison,Centre-Forward,23,4,Brazil,Série A,Botafogo de Futebol e Regatas,Portugal,Liga Portugal,GD Estoril Praia,0,TRUE
Janis Antiste,Centre-Forward,20,4,Italy,Serie A,Spezia Calcio,Italy,Serie A,US Sassuolo,0,TRUE
Willian,Right Winger,34,4,Brazil,Série A,Sport Club Corinthians Paulista,England,Premier League,Fulham FC,0,FALSE
Francesco Acerbi,Centre-Back,34,4,Italy,Serie A,SS Lazio,Italy,Serie A,Inter Milan,0,TRUE
Charles Pickel,Defensive Midfield,25,2.5,Portugal,Liga Portugal,FC Famalicão,Italy,Serie A,US Cremonese,3.8,FALSE
Eren Elmali,Left-Back,21,3.2,Turkey,Süper Lig,Kasimpasa,Turkey,Süper Lig,Trabzonspor,3.6,FALSE
Francesco Caputo,Centre-Forward,34,2.5,Italy,Serie A,US Sassuolo,Italy,Serie A,UC Sampdoria,3.5,FALSE
Jackson Porozo,Centre-Back,21,3,Portugal,Liga Portugal,Boavista FC,France,Ligue 1,ESTAC Troyes,3.5,FALSE
Robin Olsen,Goalkeeper,32,2,Italy,Serie A,AS Roma,England,Premier League,Aston Villa,3.5,FALSE
Ivan Provedel,Goalkeeper,28,3.5,Italy,Serie A,Spezia Calcio,Italy,Serie A,SS Lazio,2,FALSE
Rodrigo Zalazar,Attacking Midfield,22,3.5,Germany,Bundesliga,Eintracht Frankfurt,Germany,Bundesliga,FC Schalke 04,1.5,FALSE
Sargis Adamyan,Centre-Forward,29,3.5,Germany,Bundesliga,TSG 1899 Hoffenheim,Germany,Bundesliga,1. FC Köln,1.5,FALSE
Naci Ünüvar,Left Winger,19,3.5,Netherlands,Eredivisie,Ajax Amsterdam,Turkey,Süper Lig,Trabzonspor,0.15,TRUE
Janik Haberer,Central Midfield,28,3.5,Germany,Bundesliga,SC Freiburg,Germany,Bundesliga,1.FC Union Berlin,0,FALSE
Mihailo Ristić,Left-Back,26,3.5,France,Ligue 1,Montpellier HSC,Portugal,Liga Portugal,SL Benfica,0,FALSE
Lorenzo Colombo,Centre-Forward,20,3.5,Italy,Serie A,AC Milan,Italy,Serie A,US Lecce,0,TRUE
Ionut Radu,Goalkeeper,25,3.5,Italy,Serie A,Inter Milan,Italy,Serie A,US Cremonese,0,TRUE
Marlon,Left-Back,25,3.5,Brazil,Série A,Fluminense Football Club,Turkey,Süper Lig,MKE Ankaragücü,0,FALSE
Ferro,Centre-Back,25,3.5,Portugal,Liga Portugal,SL Benfica,Netherlands,Eredivisie,Vitesse Arnhem,0,TRUE
Mattia Caldara,Centre-Back,28,3.5,Italy,Serie A,AC Milan,Italy,Serie A,Spezia Calcio,0,TRUE
Lucas Halter,Centre-Back,22,3.5,Brazil,Série A,Club Athletico Paranaense,Brazil,Série A,Goiás Esporte Clube,0,TRUE
Matías Vecino,Central Midfield,30,3.5,Italy,Serie A,Inter Milan,Italy,Serie A,SS Lazio,0,FALSE
Alexis Sánchez,Left Winger,33,3.5,Italy,Serie A,Inter Milan,France,Ligue 1,Olympique Marseille,0,FALSE
Danilo Barbosa,Defensive Midfield,26,3.5,France,Ligue 1,OGC Nice,Brazil,Série A,Botafogo de Futebol e Regatas,0,FALSE
Marko Pjaca,Left Winger,27,3.5,Italy,Serie A,Juventus FC,Italy,Serie A,FC Empoli,0,TRUE
Berke Özer,Goalkeeper,22,3.5,Turkey,Süper Lig,Fenerbahce,Portugal,Liga Portugal,Portimonense SC,0,FALSE
Ahmed Musa,Right Winger,29,3.4,Turkey,Süper Lig,Fatih Karagümrük,Turkey,Süper Lig,Sivasspor,0,FALSE
Ebrima Colley,Left Winger,22,3.2,Italy,Serie A,Atalanta BC,Turkey,Süper Lig,Fatih Karagümrük,0,TRUE
Abdou Harroui,Central Midfield,24,3,Netherlands,Eredivisie,Sparta Rotterdam,Italy,Serie A,US Sassuolo,3,FALSE
Mamadou Coulibaly,Central Midfield,23,2.5,Italy,Serie A,Udinese Calcio,Italy,Serie A,US Salernitana 1919,3,FALSE
Leonardo Mancuso,Centre-Forward,30,2.7,Italy,Serie A,FC Empoli,Italy,Serie A,AC Monza,3,FALSE
Gui Guedes,Central Midfield,20,0.5,Portugal,Liga Portugal,Vitória Guimarães SC,Spain,LaLiga,UD Almería,3,FALSE
Bafodé Diakité,Centre-Back,21,3,France,Ligue 1,FC Toulouse,France,Ligue 1,LOSC Lille,3,FALSE
Thierno Baldé,Right-Back,20,2,France,Ligue 1,Paris Saint-Germain,France,Ligue 1,ESTAC Troyes,3,FALSE
Arkadiusz Reca,Left-Back,27,3,Italy,Serie A,Atalanta BC,Italy,Serie A,Spezia Calcio,2,FALSE
Rochinha,Left Winger,27,3,Portugal,Liga Portugal,Vitória Guimarães SC,Portugal,Liga Portugal,Sporting CP,2,FALSE
Cédric Hountondji,Centre-Back,28,3,France,Ligue 1,Clermont Foot 63,France,Ligue 1,Angers SCO,2,FALSE
Nathan,Right-Back,20,3,Portugal,Liga Portugal,Boavista FC,Brazil,Série A,Santos FC,2,FALSE
Abdul Mumin,Centre-Back,24,3,Portugal,Liga Portugal,Vitória Guimarães SC,Spain,LaLiga,Rayo Vallecano,1.5,FALSE
Eric Martel,Defensive Midfield,20,3,Germany,Bundesliga,RB Leipzig,Germany,Bundesliga,1. FC Köln,1.2,FALSE
Jasper Cillessen,Goalkeeper,33,3,Spain,LaLiga,Valencia CF,Netherlands,Eredivisie,NEC Nijmegen,1,FALSE
Sebastiano Luperto,Centre-Back,25,3,Italy,Serie A,SSC Napoli,Italy,Serie A,FC Empoli,0.5,TRUE
Ajdin Hrustic,Attacking Midfield,26,3,Germany,Bundesliga,Eintracht Frankfurt,Italy,Serie A,Hellas Verona,0.5,FALSE
Alexander Schwolow,Goalkeeper,30,3,Germany,Bundesliga,Hertha BSC,Germany,Bundesliga,FC Schalke 04,0.3,TRUE
Houboulang Mendes,Right-Back,24,3,France,Ligue 1,FC Lorient,Spain,LaLiga,UD Almería,0,FALSE
Gonçalo Esteves,Right-Back,18,3,Portugal,Liga Portugal,Sporting CP,Portugal,Liga Portugal,GD Estoril Praia,0,TRUE
Matteo Cancellieri,Right Winger,20,3,Italy,Serie A,Hellas Verona,Italy,Serie A,SS Lazio,0,TRUE
Modibo Sagnan,Centre-Back,23,3,Spain,LaLiga,Real Sociedad,Netherlands,Eredivisie,FC Utrecht,0,TRUE
Evann Guessand,Centre-Forward,21,3,France,Ligue 1,OGC Nice,France,Ligue 1,FC Nantes,0,TRUE
Wladimiro Falcone,Goalkeeper,27,3,Italy,Serie A,UC Sampdoria,Italy,Serie A,US Lecce,0,TRUE
Jarrad Branthwaite,Centre-Back,20,3,England,Premier League,Everton FC,Netherlands,Eredivisie,PSV Eindhoven,0,TRUE
Rubén Blanco,Goalkeeper,26,3,Spain,LaLiga,Celta de Vigo,France,Ligue 1,Olympique Marseille,0,TRUE
James Léa Siliki,Central Midfield,26,3,France,Ligue 1,Stade Rennais FC,Portugal,Liga Portugal,GD Estoril Praia,0,FALSE
Julen Lobete,Centre-Forward,21,3,Spain,LaLiga,Celta de Vigo,Netherlands,Eredivisie,RKC Waalwijk,0,TRUE
Jacob Rasmussen,Centre-Back,25,3,Italy,Serie A,ACF Fiorentina,Netherlands,Eredivisie,Feyenoord Rotterdam,0,TRUE
Aaron Ramsey,Central Midfield,31,3,Italy,Serie A,Juventus FC,France,Ligue 1,OGC Nice,0,FALSE
Sergio Camello,Centre-Forward,21,3,Spain,LaLiga,Atlético de Madrid,Spain,LaLiga,Rayo Vallecano,0,TRUE
Nahuel Bustos,Centre-Forward,24,3,England,Premier League,Manchester City,Brazil,Série A,São Paulo Futebol Clube,0,TRUE
Gonçalo Paciência,Centre-Forward,28,3,Germany,Bundesliga,Eintracht Frankfurt,Spain,LaLiga,Celta de Vigo,0,FALSE
Sam Lammers,Centre-Forward,25,3,Italy,Serie A,Atalanta BC,Italy,Serie A,FC Empoli,0,TRUE
Neto,Goalkeeper,33,3,Spain,LaLiga,FC Barcelona,England,Premier League,AFC Bournemouth,0,FALSE
Gabriel Boschilia,Attacking Midfield,26,3,Brazil,Série A,Sport Club Internacional,Brazil,Série A,Coritiba Foot Ball Club,0,FALSE
Romário Baró,Central Midfield,22,3,Portugal,Liga Portugal,FC Porto,Portugal,Liga Portugal,Casa Pia AC,0,TRUE
Gabriel Vidovic,Attacking Midfield,18,3,Germany,Bundesliga,Bayern Munich,Netherlands,Eredivisie,Vitesse Arnhem,0,TRUE
Joe Bryan,Left-Back,28,3,England,Premier League,Fulham FC,France,Ligue 1,OGC Nice,0,TRUE
Manu Vallejo,Left Winger,25,3,Spain,LaLiga,Valencia CF,Spain,LaLiga,Girona FC,0,FALSE
Gustavo Henrique,Centre-Back,29,2.8,Brazil,Série A,Clube de Regatas do Flamengo,Turkey,Süper Lig,Fenerbahce,1.4,TRUE
Yvon Mvogo,Goalkeeper,28,2.8,Germany,Bundesliga,RB Leipzig,France,Ligue 1,FC Lorient,0,FALSE
Sean Klaiber,Right-Back,28,2.8,Netherlands,Eredivisie,Ajax Amsterdam,Netherlands,Eredivisie,FC Utrecht,0,FALSE
Fabio Depaoli,Right-Back,25,2.8,Italy,Serie A,UC Sampdoria,Italy,Serie A,Hellas Verona,0,TRUE
Armando Izzo,Centre-Back,30,2.8,Italy,Serie A,Torino FC,Italy,Serie A,AC Monza,0,TRUE
Pedro Pereira,Right-Back,24,2.3,Portugal,Liga Portugal,SL Benfica,Italy,Serie A,AC Monza,2.5,FALSE
Thijs Dallinga,Centre-Forward,21,1.1,Netherlands,Eredivisie,Excelsior Rotterdam,France,Ligue 1,FC Toulouse,2.5,FALSE
Marcus Ingvartsen,Centre-Forward,26,2.5,Germany,Bundesliga,1.FC Union Berlin,Germany,Bundesliga,1.FSV Mainz 05,2.3,FALSE
Thomas Ouwejan,Left-Back,25,2.5,Netherlands,Eredivisie,AZ Alkmaar,Germany,Bundesliga,FC Schalke 04,2,FALSE
Rubén Alcaraz,Central Midfield,31,2.5,Spain,LaLiga,Real Valladolid CF,Spain,LaLiga,Cádiz CF,1,FALSE
Víctor Chust,Centre-Back,22,2.5,Spain,LaLiga,Real Madrid,Spain,LaLiga,Cádiz CF,1,FALSE
Philipp Förster,Attacking Midfield,27,2.5,Germany,Bundesliga,VfB Stuttgart,Germany,Bundesliga,VfL Bochum,0.5,FALSE
Jonas Martin,Defensive Midfield,32,2.5,France,Ligue 1,Stade Rennais FC,France,Ligue 1,LOSC Lille,0,FALSE
Brian Oliván,Left-Back,28,2.5,Spain,LaLiga,RCD Mallorca,Spain,LaLiga,RCD Espanyol Barcelona,0,FALSE
Mathias Pereira Lage,Right Midfield,25,2.5,France,Ligue 1,Angers SCO,France,Ligue 1,Stade Brestois 29,0,FALSE
Gédéon Kalulu,Right-Back,24,2.5,France,Ligue 1,AC Ajaccio,France,Ligue 1,FC Lorient,0,FALSE
Rubén Peña,Right-Back,30,2.5,Spain,LaLiga,Villarreal CF,Spain,LaLiga,CA Osasuna,0,FALSE
Marcos Guilherme,Left Winger,26,2.5,Brazil,Série A,Sport Club Internacional,Brazil,Série A,São Paulo Futebol Clube,0,FALSE
Víctor Gómez,Right-Back,22,2.5,Spain,LaLiga,RCD Espanyol Barcelona,Portugal,Liga Portugal,SC Braga,0,TRUE
Iñigo Córdoba,Left Winger,25,2.5,Spain,LaLiga,Athletic Bilbao,Netherlands,Eredivisie,Fortuna Sittard,0,FALSE
Bruno Gomes,Defensive Midfield,21,2.5,Brazil,Série A,Sport Club Internacional,Brazil,Série A,Coritiba Foot Ball Club,0,TRUE
Diego Lainez,Right Winger,22,2.5,Spain,LaLiga,Real Betis Balompié,Portugal,Liga Portugal,SC Braga,0,TRUE
Gabriel Silva,Centre-Forward,20,2.5,Brazil,Série A,Sociedade Esportiva Palmeiras,Portugal,Liga Portugal,CD Santa Clara,0,TRUE
Deyverson,Centre-Forward,31,2.5,Brazil,Série A,Sociedade Esportiva Palmeiras,Brazil,Série A,Cuiabá Esporte Clube (MT),0,FALSE
Gonzalo Escalante,Central Midfield,29,2.5,Italy,Serie A,SS Lazio,Italy,Serie A,US Cremonese,0,TRUE
Dominique Heintz,Centre-Back,28,2.5,Germany,Bundesliga,1.FC Union Berlin,Germany,Bundesliga,VfL Bochum,0,TRUE
Antonio Candreva,Right Midfield,35,2.5,Italy,Serie A,UC Sampdoria,Italy,Serie A,US Salernitana 1919,0,TRUE
Matheus Babi,Centre-Forward,25,2.5,Brazil,Série A,Club Athletico Paranaense,Portugal,Liga Portugal,CD Santa Clara,0,TRUE
Zouhair Feddal,Centre-Back,32,2.5,Portugal,Liga Portugal,Sporting CP,Spain,LaLiga,Real Valladolid CF,0,FALSE
José Carlos Lazo,Left Winger,26,2.5,Spain,LaLiga,UD Almería,Spain,LaLiga,RCD Espanyol Barcelona,0,FALSE
Fredrik Björkan,Left-Back,24,2.5,Germany,Bundesliga,Hertha BSC,Netherlands,Eredivisie,Feyenoord Rotterdam,0,TRUE
Yan Valery,Right-Back,23,2.5,England,Premier League,Southampton FC,France,Ligue 1,Angers SCO,0,FALSE
Toni Villa,Left Winger,27,2.5,Spain,LaLiga,Real Valladolid CF,Spain,LaLiga,Girona FC,0,FALSE
Andrea Colpani,Central Midfield,23,2.4,Italy,Serie A,Atalanta BC,Italy,Serie A,AC Monza,0,FALSE
Danny da Costa,Right-Back,28,2.3,Germany,Bundesliga,Eintracht Frankfurt,Germany,Bundesliga,1.FSV Mainz 05,0,FALSE
Jure Balkovec,Left-Back,27,2.3,Turkey,Süper Lig,Fatih Karagümrük,Turkey,Süper Lig,Alanyaspor,0,FALSE
Pedro Pereira,Right-Back,24,2.3,Italy,Serie A,AC Monza,Turkey,Süper Lig,Alanyaspor,0,TRUE
Léo Duarte,Centre-Back,25,2.2,Italy,Serie A,AC Milan,Turkey,Süper Lig,Basaksehir FK,2,FALSE
Sebastian Polter,Centre-Forward,31,2.2,Germany,Bundesliga,VfL Bochum,Germany,Bundesliga,FC Schalke 04,1.5,FALSE
Lorenzo Pirola,Centre-Back,20,2.2,Italy,Serie A,Inter Milan,Italy,Serie A,US Salernitana 1919,0.9,TRUE
Milos Pantovic,Attacking Midfield,25,2.2,Germany,Bundesliga,VfL Bochum,Germany,Bundesliga,1.FC Union Berlin,0,FALSE
Kjell Scherpen,Goalkeeper,22,2.2,England,Premier League,Brighton & Hove Albion,Netherlands,Eredivisie,Vitesse Arnhem,0,TRUE
Landry Dimata,Centre-Forward,24,2.2,Spain,LaLiga,RCD Espanyol Barcelona,Netherlands,Eredivisie,NEC Nijmegen,0,TRUE
Riccardo Ciervo,Left Winger,20,1.5,Italy,Serie A,AS Roma,Italy,Serie A,US Sassuolo,2,FALSE
Marcin Bulka,Goalkeeper,22,2,France,Ligue 1,Paris Saint-Germain,France,Ligue 1,OGC Nice,2,FALSE
Zakaria Aboukhlal,Right Winger,22,2,Netherlands,Eredivisie,AZ Alkmaar,France,Ligue 1,FC Toulouse,2,FALSE
Ahmed Touba,Centre-Back,24,1,Netherlands,Eredivisie,RKC Waalwijk,Turkey,Süper Lig,Basaksehir FK,2,FALSE
Emre Mor,Right Winger,24,1.7,Turkey,Süper Lig,Fatih Karagümrük,Turkey,Süper Lig,Fenerbahce,2,FALSE
Alexsandro,Centre-Back,22,0.8,Portugal,Liga Portugal,GD Chaves,France,Ligue 1,LOSC Lille,2,FALSE
Emrecan Uzunhan,Centre-Back,21,0.525,Turkey,Süper Lig,Istanbulspor,Turkey,Süper Lig,Besiktas JK,2,FALSE
Dogucan Haspolat,Defensive Midfield,22,2,Turkey,Süper Lig,Kasimpasa,Turkey,Süper Lig,Trabzonspor,1.2,FALSE
Tommaso Milanese,Central Midfield,19,2,Italy,Serie A,AS Roma,Italy,Serie A,US Cremonese,0.75,FALSE
Cenk Özkacar,Centre-Back,21,2,France,Ligue 1,Olympique Lyon,Spain,LaLiga,Valencia CF,0.5,TRUE
Matous Trmal,Goalkeeper,23,2,Portugal,Liga Portugal,Vitória Guimarães SC,Portugal,Liga Portugal,CS Marítimo,0.05,TRUE
Jens Stryger Larsen,Right-Back,31,2,Italy,Serie A,Udinese Calcio,Turkey,Süper Lig,Trabzonspor,0,FALSE
Davide Bettella,Centre-Back,22,2,Italy,Serie A,Atalanta BC,Italy,Serie A,AC Monza,0,FALSE
Fraser Forster,Goalkeeper,34,2,England,Premier League,Southampton FC,England,Premier League,Tottenham Hotspur,0,FALSE
Cenk Tosun,Centre-Forward,31,2,England,Premier League,Everton FC,Turkey,Süper Lig,Besiktas JK,0,FALSE
Gianluca Frabotta,Left-Back,23,2,Italy,Serie A,Juventus FC,Italy,Serie A,US Lecce,0,TRUE
Thiago Galhardo,Centre-Forward,32,2,Brazil,Série A,Sport Club Internacional,Brazil,Série A,Fortaleza Esporte Clube,0,TRUE
Salvi Sánchez,Right Winger,31,2,Spain,LaLiga,Cádiz CF,Spain,LaLiga,Rayo Vallecano,0,FALSE
Mile Svilar,Goalkeeper,22,2,Portugal,Liga Portugal,SL Benfica,Italy,Serie A,AS Roma,0,FALSE
Xavi Quintillà,Left-Back,25,2,Spain,LaLiga,Villarreal CF,Portugal,Liga Portugal,CD Santa Clara,0,FALSE
Arturo Vidal,Central Midfield,35,2,Italy,Serie A,Inter Milan,Brazil,Série A,Clube de Regatas do Flamengo,0,FALSE
Abdulkadir Parmak,Central Midfield,27,2,Turkey,Süper Lig,Trabzonspor,Turkey,Süper Lig,Gaziantep FK,0,TRUE
Mikael,Centre-Forward,23,2,Italy,Serie A,US Salernitana 1919,Brazil,Série A,Sport Club Internacional,0,TRUE
Daniel Maldini,Attacking Midfield,20,2,Italy,Serie A,AC Milan,Italy,Serie A,Spezia Calcio,0,TRUE
Rodrigo Riquelme,Right Winger,22,2,Spain,LaLiga,Atlético de Madrid,Spain,LaLiga,Girona FC,0,TRUE
Nicolò Cambiaghi,Left Winger,21,2,Italy,Serie A,Atalanta BC,Italy,Serie A,FC Empoli,0,TRUE
Luan,Attacking Midfield,29,2,Brazil,Série A,Sport Club Corinthians Paulista,Brazil,Série A,Santos FC,0,TRUE
Philippe Sandler,Centre-Back,25,2,Netherlands,Eredivisie,Feyenoord Rotterdam,Netherlands,Eredivisie,NEC Nijmegen,0,FALSE
Samuel Umtiti,Centre-Back,28,2,Spain,LaLiga,FC Barcelona,Italy,Serie A,US Lecce,0,TRUE
Steven Caulker,Centre-Back,30,2,Turkey,Süper Lig,Fenerbahce,Turkey,Süper Lig,Fatih Karagümrük,0,FALSE
Youssouf Koné,Left-Back,27,2,France,Ligue 1,Olympique Lyon,France,Ligue 1,AC Ajaccio,0,TRUE
Jean-Daniel Akpa Akpro,Central Midfield,29,2,Italy,Serie A,SS Lazio,Italy,Serie A,FC Empoli,0,TRUE
Paulo Gazzaniga,Goalkeeper,30,2,England,Premier League,Fulham FC,Spain,LaLiga,Girona FC,0,TRUE
Bruno Amione,Centre-Back,20,2,Italy,Serie A,Hellas Verona,Italy,Serie A,UC Sampdoria,0,TRUE
Guilherme Castilho,Central Midfield,22,1,Brazil,Série A,Clube Atlético Mineiro,Brazil,Série A,Ceará Sporting Club,1.8,FALSE
Konstantinos Stafylidis,Left-Back,28,1.8,Germany,Bundesliga,TSG 1899 Hoffenheim,Germany,Bundesliga,VfL Bochum,0.25,FALSE
Aymen Barkok,Central Midfield,24,1.8,Germany,Bundesliga,Eintracht Frankfurt,Germany,Bundesliga,1.FSV Mainz 05,0,FALSE
Kévin Rodrigues,Left-Back,28,1.8,Spain,LaLiga,Real Sociedad,Turkey,Süper Lig,Adana Demirspor,0,FALSE
Carlens Arcus,Right-Back,26,1.8,France,Ligue 1,AJ Auxerre,Netherlands,Eredivisie,Vitesse Arnhem,0,FALSE
Vlad Chiriches,Centre-Back,32,1.8,Italy,Serie A,US Sassuolo,Italy,Serie A,US Cremonese,0,FALSE
Mesut Özil,Attacking Midfield,33,1.8,Turkey,Süper Lig,Fenerbahce,Turkey,Süper Lig,Basaksehir FK,0,FALSE
Kristoffer Askildsen,Central Midfield,21,1.8,Italy,Serie A,UC Sampdoria,Italy,Serie A,US Lecce,0,TRUE
Filippo Ranocchia,Central Midfield,21,1.8,Italy,Serie A,Juventus FC,Italy,Serie A,AC Monza,0,TRUE
Peglow,Left Winger,20,1.8,Brazil,Série A,Sport Club Internacional,Brazil,Série A,Atlético Clube Goianiense,0,TRUE
Jannes Horn,Left-Back,25,1.8,Germany,Bundesliga,1. FC Köln,Germany,Bundesliga,VfL Bochum,0,FALSE
David López,Centre-Back,32,1.8,Spain,LaLiga,RCD Espanyol Barcelona,Spain,LaLiga,Girona FC,0,FALSE
Rodrigo Battaglia,Defensive Midfield,31,1.8,Portugal,Liga Portugal,Sporting CP,Spain,LaLiga,RCD Mallorca,0,FALSE
Emre Mor,Right Winger,24,1.7,Spain,LaLiga,Celta de Vigo,Turkey,Süper Lig,Fatih Karagümrük,0,FALSE
Mbaye Diagne,Centre-Forward,30,1.7,Turkey,Süper Lig,Galatasaray,Turkey,Süper Lig,Fatih Karagümrük,0,FALSE
Mert Cetin,Centre-Back,25,1.7,Italy,Serie A,Hellas Verona,Italy,Serie A,US Lecce,0,TRUE
Serdar Saatci,Centre-Back,19,1.6,Turkey,Süper Lig,Besiktas JK,Portugal,Liga Portugal,SC Braga,1.5,FALSE
Kevin Stöger,Attacking Midfield,28,1.6,Germany,Bundesliga,1.FSV Mainz 05,Germany,Bundesliga,VfL Bochum,0,FALSE
Bruno Jordão,Central Midfield,23,1.6,England,Premier League,Wolverhampton Wanderers,Portugal,Liga Portugal,CD Santa Clara,0,TRUE
Mehdi Bourabia,Central Midfield,30,0.9,Italy,Serie A,US Sassuolo,Italy,Serie A,Spezia Calcio,1.5,FALSE
Steffen Tigges,Centre-Forward,23,1.5,Germany,Bundesliga,Borussia Dortmund,Germany,Bundesliga,1. FC Köln,1.5,FALSE
Léo Baptistão,Second Striker,29,1.5,Brazil,Série A,Santos FC,Spain,LaLiga,UD Almería,1.5,FALSE
Samuel,Goalkeeper,28,1.5,Portugal,Liga Portugal,Portimonense SC,Portugal,Liga Portugal,FC Porto,1,FALSE
Ali Alipour,Centre-Forward,26,1.5,Portugal,Liga Portugal,CS Marítimo,Portugal,Liga Portugal,Gil Vicente FC,0,FALSE
Soner Aydogdu,Central Midfield,31,1.5,Turkey,Süper Lig,Basaksehir FK,Turkey,Süper Lig,Antalyaspor,0,FALSE
Ryan Fredericks,Right-Back,29,1.5,England,Premier League,West Ham United,England,Premier League,AFC Bournemouth,0,FALSE
Marçal,Left-Back,33,1.5,England,Premier League,Wolverhampton Wanderers,Brazil,Série A,Botafogo de Futebol e Regatas,0,FALSE
Ömer Toprak,Centre-Back,32,1.5,Germany,Bundesliga,SV Werder Bremen,Turkey,Süper Lig,Antalyaspor,0,FALSE
Pedrinho,Central Midfield,29,1.5,Portugal,Liga Portugal,Gil Vicente FC,Turkey,Süper Lig,MKE Ankaragücü,0,FALSE
Gabriel,Goalkeeper,29,1.5,Italy,Serie A,US Lecce,Brazil,Série A,Coritiba Foot Ball Club,0,FALSE
Burak Yilmaz,Centre-Forward,36,1.5,France,Ligue 1,LOSC Lille,Netherlands,Eredivisie,Fortuna Sittard,0,FALSE
Milan Djuric,Centre-Forward,32,1.5,Italy,Serie A,US Salernitana 1919,Italy,Serie A,Hellas Verona,0,FALSE
Fernandinho,Defensive Midfield,37,1.5,England,Premier League,Manchester City,Brazil,Série A,Club Athletico Paranaense,0,FALSE
Clément Vidal,Centre-Back,22,1.5,France,Ligue 1,Montpellier HSC,France,Ligue 1,AC Ajaccio,0,FALSE
Maya Yoshida,Centre-Back,33,1.5,Italy,Serie A,UC Sampdoria,Germany,Bundesliga,FC Schalke 04,0,FALSE
Steve Mandanda,Goalkeeper,37,1.5,France,Ligue 1,Olympique Marseille,France,Ligue 1,Stade Rennais FC,0,FALSE
Leonardo Sernicola,Left-Back,24,1.5,Italy,Serie A,US Sassuolo,Italy,Serie A,US Cremonese,0,FALSE
Mitchell Weiser,Right-Back,28,1.5,Germany,Bundesliga,Bayer 04 Leverkusen,Germany,Bundesliga,SV Werder Bremen,0,FALSE
Riad Bajić,Centre-Forward,28,1.5,Italy,Serie A,Udinese Calcio,Turkey,Süper Lig,Giresunspor,0,FALSE
Fede San Emeterio,Central Midfield,25,1.5,Spain,LaLiga,Real Valladolid CF,Spain,LaLiga,Cádiz CF,0,FALSE
Joel Robles,Goalkeeper,32,1.5,Spain,LaLiga,Real Betis Balompié,England,Premier League,Leeds United,0,FALSE
Mark Diemers,Central Midfield,28,1.5,Netherlands,Eredivisie,Feyenoord Rotterdam,Netherlands,Eredivisie,FC Emmen,0,TRUE
Islam Slimani,Centre-Forward,34,1.5,Portugal,Liga Portugal,Sporting CP,France,Ligue 1,Stade Brestois 29,0,FALSE
Léo Sena,Defensive Midfield,26,1.5,Italy,Serie A,Spezia Calcio,Brazil,Série A,Goiás Esporte Clube,0,FALSE
Ante Palaversa,Central Midfield,22,1.5,England,Premier League,Manchester City,France,Ligue 1,ESTAC Troyes,0,FALSE
Matija Nastasić,Centre-Back,29,1.5,Italy,Serie A,ACF Fiorentina,Spain,LaLiga,RCD Mallorca,0,FALSE
Federico Fernández,Centre-Back,33,1.5,England,Premier League,Newcastle United,Spain,LaLiga,Elche CF,0,FALSE
Kerem Atakan Kesgin,Central Midfield,21,1,Turkey,Süper Lig,Sivasspor,Turkey,Süper Lig,Besiktas JK,1.4,FALSE
Muhammet Demir,Centre-Forward,30,1.4,Turkey,Süper Lig,Gaziantep FK,Turkey,Süper Lig,Konyaspor,0,FALSE
Kevin Varga,Left Winger,26,1.4,Turkey,Süper Lig,Kasimpasa,Turkey,Süper Lig,Hatayspor,0,FALSE
Kenan Karaman,Centre-Forward,28,1.4,Turkey,Süper Lig,Besiktas JK,Germany,Bundesliga,FC Schalke 04,0,FALSE
Kingsley Ehizibue,Right-Back,27,1.3,Germany,Bundesliga,1. FC Köln,Italy,Serie A,Udinese Calcio,1,FALSE
Marcel Lotka,Goalkeeper,21,1.3,Germany,Bundesliga,Hertha BSC,Germany,Bundesliga,Borussia Dortmund,0,FALSE
Ahmet Oguz,Right-Back,29,1.3,Turkey,Süper Lig,Sivasspor,Turkey,Süper Lig,Konyaspor,0,FALSE
Natanael,Left-Back,31,1.3,Brazil,Série A,Sport Club Internacional,Brazil,Série A,Avaí Futebol Clube (SC),0,FALSE
Nuno Da Costa,Centre-Forward,31,1.2,England,Premier League,Nottingham Forest,France,Ligue 1,AJ Auxerre,2,FALSE
Hugo Moura,Defensive Midfield,24,1,Brazil,Série A,Clube de Regatas do Flamengo,Brazil,Série A,Club Athletico Paranaense,1.2,FALSE
André Silva,Centre-Forward,25,1.2,Portugal,Liga Portugal,FC Arouca,Portugal,Liga Portugal,Vitória Guimarães SC,1,FALSE
Mame Diouf,Centre-Forward,34,1.2,Turkey,Süper Lig,Hatayspor,Turkey,Süper Lig,Konyaspor,0,FALSE
Luca Valzania,Central Midfield,26,1.2,Italy,Serie A,Atalanta BC,Italy,Serie A,US Cremonese,0,FALSE
Levent Mercan,Attacking Midfield,21,1.2,Germany,Bundesliga,FC Schalke 04,Turkey,Süper Lig,Fatih Karagümrük,0,FALSE
Robert Bozenik,Centre-Forward,22,1.2,Netherlands,Eredivisie,Feyenoord Rotterdam,Portugal,Liga Portugal,Boavista FC,0,TRUE
Oriol Busquets,Defensive Midfield,23,1.2,France,Ligue 1,Clermont Foot 63,Portugal,Liga Portugal,FC Arouca,0,FALSE
Isaac Sackey,Defensive Midfield,28,1.2,Turkey,Süper Lig,Hatayspor,Turkey,Süper Lig,Ümraniyespor,0,FALSE
N'Dri Philippe Koffi,Centre-Forward,20,1.2,France,Ligue 1,Stade Reims,Portugal,Liga Portugal,FC Paços de Ferreira,0,TRUE
Rúnar Alex Rúnarsson,Goalkeeper,27,1.2,England,Premier League,Arsenal FC,Turkey,Süper Lig,Alanyaspor,0,TRUE
Jens Toornstra,Attacking Midfield,33,1.2,Netherlands,Eredivisie,Feyenoord Rotterdam,Netherlands,Eredivisie,FC Utrecht,0,FALSE
Tolga Cigerci,Defensive Midfield,30,1.1,Turkey,Süper Lig,Basaksehir FK,Turkey,Süper Lig,MKE Ankaragücü,0,FALSE
Dogan Erdogan,Defensive Midfield,25,1.1,Turkey,Süper Lig,Gaziantep FK,Netherlands,Eredivisie,Fortuna Sittard,0,FALSE
Willian Maranhão,Defensive Midfield,26,1.1,Brazil,Série A,Santos FC,Brazil,Série A,Atlético Clube Goianiense,0,TRUE
Aziz,Centre-Forward,23,1,Portugal,Liga Portugal,Vitória Guimarães SC,Portugal,Liga Portugal,Rio Ave FC,1,FALSE
Melle Meulensteen,Centre-Back,22,0.8,Netherlands,Eredivisie,RKC Waalwijk,Netherlands,Eredivisie,Vitesse Arnhem,1,FALSE
Rodrigo Guth,Centre-Back,21,0.75,Italy,Serie A,Atalanta BC,Netherlands,Eredivisie,Fortuna Sittard,1,FALSE
Luuk Brouwers,Defensive Midfield,24,1,Netherlands,Eredivisie,Go Ahead Eagles,Netherlands,Eredivisie,FC Utrecht,0.75,FALSE
Lucas Perri,Goalkeeper,24,1,Brazil,Série A,São Paulo Futebol Clube,Brazil,Série A,Botafogo de Futebol e Regatas,0.35,FALSE
Rayane Aabid,Central Midfield,30,1,Turkey,Süper Lig,Kasimpasa,Turkey,Süper Lig,Hatayspor,0,FALSE
